0,date,co,no2,o3,so2,pm10,pm2.5,temp,feelslike,humidity,precip,windspeed,cases
,25/11/2020,1849.398667,35.81,48.51866667,30.50933333,80.30533333,60.08133333,27.8,29.1,63.8,0.07,18.6,45
,26/11/2020,1069.227917,28.65708333,47.4475,21.79583333,45.44791667,32.725,28.3,30.1,64.64,0.11,23.1,45
,27/11/2020,2159.039583,38.79958333,6.840416667,40.60125,79.54041667,61.20416667,27,29.7,84.49,1.35,18.8,67
,28/11/2020,1390.4975,27.2475,16.48708333,29.80791667,52.39708333,39.22875,28,31,79.41,0.19,18.9,43
,29/11/2020,1364.629167,29.88916667,12.7125,26.26541667,50.66416667,38.52291667,26.3,27.6,86.09,3.77,16.2,50
,30/11/2020,1491.32875,30.845,35.03791667,22.50041667,63.41083333,48.14,27.2,28.9,74.82,8.83,23.9,47
,1/12/2020,1034.459167,35.27916667,40.67958333,25.63041667,41.15666667,27.58958333,28,29.5,63.51,0,20.5,59
,2/12/2020,2420.7825,53.48041667,17.60416667,48.68791667,106.1504167,83.01916667,27.7,30.3,75.01,0,18.2,63
,3/12/2020,3516.435,48.19666667,6.8025,38.99208333,167.6908333,135.7320833,27.9,31.7,81.91,0.01,17.6,34
,4/12/2020,3542.582917,68.77333333,2.855,67.39333333,134.3675,108.1679167,27.4,30.1,79.51,0.18,14,26
,5/12/2020,2890.58625,69.55916667,31.71208333,49.21458333,136.3679167,108.7525,27.8,31.2,82.29,8.15,13.8,47
,6/12/2020,2040.823333,39.28458333,10.30416667,32.47458333,77.62833333,57.23125,27.9,31.4,80.74,2.11,21.5,52
,7/12/2020,2816.597083,36.62916667,0.23375,60.64875,110.3854167,85.58125,26.7,29.2,87.45,1.54,20.2,38
,8/12/2020,869.7904167,20.46416667,9.287916667,23.02375,28.725,18.29833333,27.9,30.9,80.77,6.35,27.9,40
,9/12/2020,2616.604167,38.4425,19.82166667,40.35333333,105.4016667,80.09,27.4,30.3,82.19,15.83,16.1,39
,10/12/2020,1648.90375,28.5325,2.67,35.24625,59.28,42.61875,26,27.3,89.28,6.29,15.1,67
,11/12/2020,1967.94625,33.93666667,31.32166667,45.04166667,85.91916667,62.32875,28.3,31.8,79.69,0,18,32
,12/12/2020,2518.416667,59.66333333,71.1875,57.40875,151.7166667,121.9183333,28.5,32.3,77.69,0,14.7,46
,13/12/2020,2495.6075,50.31666667,6.15125,56.51541667,104.4095833,77.47166667,28.6,32.9,77.03,0.07,12.5,42
,14/12/2020,2276.977083,58.30666667,71.9675,49.9,125.74875,100.17625,28.6,31.9,73.78,0,13.9,53
,15/12/2020,1794.935,28.37208333,15.21875,28.15875,70.39833333,50.81416667,28.3,31,73.53,0.1,22.2,19
,16/12/2020,1425.824167,28.40666667,29.34875,23.93708333,65.90958333,48.12458333,28.4,30.7,69.13,0,20.8,42
,17/12/2020,1371.860833,30.14625,26.91375,24.155,58.51166667,43.98125,26.7,28.3,79.66,0.93,37.5,29
,18/12/2020,932.0983333,22.84875,31.78041667,17.08291667,36.44666667,27.045,26.6,27.8,82.19,2.39,17.2,75
,19/12/2020,1034.736667,28.10375,20.05166667,19.56625,31.5975,24.13166667,25.3,25.6,89.23,20.9,18.5,46
,20/12/2020,857.4141667,22.0525,21.92416667,15.75583333,24.94791667,18.15083333,26.4,28.3,85.5,9.2,20.8,32
,21/12/2020,1198.848333,29.98125,21.37666667,25.3625,43.50416667,30.69791667,27,29.4,81.22,0.66,13.3,79
,22/12/2020,1708.428333,34.12375,18.17583333,36.43958333,72.17708333,51.0925,26.7,28.3,77.54,0.63,15.7,41
,23/12/2020,1324.017917,23.34458333,25.39291667,28.91833333,54.39,36.62208333,27.9,30.3,74.19,0,20,68
,24/12/2020,3153.721667,74.05708333,101.07875,76.20583333,235.4633333,192.335,27.7,29.9,72.37,0,14.6,45
,25/12/2020,2472.798333,34.0725,32.2075,36.14541667,109.3675,87.39041667,27.4,29.3,71.81,0,15.9,55
,26/12/2020,1261.851667,25.55083333,24.54291667,19.33208333,47.10291667,34.50916667,27,28.8,79.38,7.3,16.1,25
,27/12/2020,1134.594167,33.48083333,7.470416667,24.60166667,38.34708333,29.3225,24.7,24.7,89.77,32.08,18.2,35
,28/12/2020,1928.17,41.27708333,4.267916667,45.74625,93.39791667,74.45833333,27.2,29.8,79.17,0,15,30
,29/12/2020,2318.700833,43.20458333,63.55333333,52.71166667,132.3766667,106.2983333,28.2,31.4,77.09,4.49,19.6,35
,30/12/2020,2218.564167,35.60041667,53.6625,40.16416667,119.8916667,94.65541667,27.7,30.6,81.07,13.75,15,40
,31/12/2020,686.0691667,18.85416667,44.265,14.97208333,20.22833333,14.26,27.3,28.5,64.09,13.57,24.3,66
,1/1/2021,1086.475,26.86833333,42.66333333,20.96125,38.74791667,27.44833333,26.3,27,67.84,0.07,19.1,67
,2/1/2021,762.4225,23.82666667,34.26,16.0375,28.33,19.04375,26.6,27.8,70.74,0,19,28
,3/1/2021,1033.345833,31.3175,22.80583333,21.4575,35.26625,25.96791667,25.4,25.6,85.59,33.74,18.3,42
,4/1/2021,1485.765,27.39,20.54875,24.50875,60.11333333,44.08708333,27.3,29.5,79.64,0.8,25,31
,5/1/2021,2144.574583,30.775,27.96166667,35.61375,90.01833333,66.895,26.7,28.5,80.27,0.8,19.1,24
,6/1/2021,2201.736667,29.54583333,23.40875,39.52458333,94.35083333,72.72083333,27.6,29.4,72.51,0,20.1,40
,7/1/2021,1976.012917,30.7525,25.80875,32.62916667,84.775,63.98291667,26.7,28.2,77.42,0.05,15.4,40
,8/1/2021,1911.20375,37.22166667,22.50708333,38.90166667,80.40791667,60.8225,26.9,28.3,75.4,0,16.4,59
,9/1/2021,816.6641667,23.51208333,44.39083333,20.09666667,28.86166667,21.01125,26.7,27.4,67.23,0,21.4,66
,10/1/2021,779.53125,21.51375,48.7675,16.57083333,31.65583333,22.70916667,26.2,26.6,65.01,0,25.7,60
,11/1/2021,907.75875,27.47083333,47.24833333,22.82458333,40.94583333,27.99875,25.7,26.1,68.01,0,28.5,70
,12/1/2021,1752.377083,38.38625,29.53375,32.77708333,75.47,57.04125,25.9,26.2,64.03,0,21.8,51
,13/01/2021,2666.115417,45.08958333,17.38791667,48.39,127.7104167,99.88166667,25.7,26.3,72.17,0,17.1,57
,14/01/2021,2092.282917,54.69416667,18.49041667,43.60041667,104.66,80.68458333,26.7,27.9,73.66,0,15.4,52
,15/01/2021,1615.52375,39.02833333,28.2875,34.06958333,84.48916667,62.01625,27.2,28.7,74.16,0,17.8,81
,16/01/2021,988.0075,26.74666667,34.37958333,19.00916667,48.17166667,32.22791667,27,28.2,71.49,0,15.8,66
,17/01/2021,813.4633333,22.8275,38.01708333,19.13833333,31.78625,22.14791667,27,27.8,69.4,0.28,17.5,41
,18/01/2021,611.525,17.67166667,48.95083333,15.41875,21.18541667,15.01166667,26.8,27.9,71.21,0.03,19.8,53
,19/01/2021,933.4891667,28.84583333,31.89583333,22.38708333,30.76791667,22.26541667,26.5,27.5,76.24,0.04,14.6,46
,20/01/2021,1590.212083,40.57083333,18.37958333,31.48583333,57.48125,45.99833333,25.7,26.3,86.08,43.47,19,47
,21/01/2021,2221.903333,31.45958333,1.254166667,44.68333333,102.6658333,82.215,27.2,30.1,83.43,14.04,16.7,80
,22/01/2021,1411.915833,32.78083333,31.63458333,38.82208333,66.28875,52.29333333,27.7,30.8,80.52,0.09,15.8,62
,23/01/2021,1295.924167,23.90458333,19.02958333,21.87041667,49.57375,38.67333333,27,29.4,81.93,5.71,20.2,50
,24/01/2021,2807.697917,38.13541667,17.89166667,39.91541667,140.9041667,118.95375,27.8,30.6,79.44,15.31,16.4,66
,25/01/2021,3277.2225,65.09666667,36.59708333,63.02208333,163.3491667,129.4325,27.6,30.3,79.18,0.26,23.9,35
,26/01/2021,3944.237917,101.08375,35.81291667,83.58541667,207.69625,170.9025,27,29.2,79.82,0.7,19.3,20
,27/01/2021,2251.943333,28.58,0.065555556,30.99444444,107.5511111,80.91,26.5,27.5,83.3,14.12,18,51
,28/01/2021,1769.511333,46.37133333,87.41,36.70066667,87.754,68.35466667,26.5,27.6,79.15,0.92,19.6,40
,29/01/2021,1441.399583,32.87666667,35.96333333,30.92875,59.58458333,43.35833333,26.4,26.9,63.57,0,26.4,73
,30/01/2021,954.2104167,20.75708333,48.01,18.8275,46.77541667,32.92541667,26,26.4,63.88,0,29,59
,31/01/2021,1258.513333,29.47791667,39.26333333,26.1025,50.99208333,36.53125,25.5,25.8,65.11,0,25.8,42
,1/2/2021,1733.044583,29.06125,31.74083333,30.84625,78.18458333,57.44666667,26,26.7,69.9,0.03,23.5,51
,2/2/2021,1913.70625,40.14916667,50.3175,38.41583333,101.0954167,75.20791667,26.6,27.6,68.89,0,16.7,65
,3/2/2021,1697.857917,31.59125,32.22791667,32.63416667,75.05541667,56.29375,27.1,28.3,67.38,0,24.6,34
,4/2/2021,1390.775833,31.13875,37.52791667,29.63833333,65.10958333,47.97208333,27.3,28.3,65.12,0,26.9,22
,5/2/2021,1198.707917,29.175,35.09208333,23.63958333,54.56791667,39.10875,27.5,28.7,67.76,0,23.6,73
,6/2/2021,1578.2525,34.70125,30.78791667,31.57,71.36666667,52.68583333,27.6,29.2,70.76,0,18.7,55
,7/2/2021,1843.195417,31.21375,24.63916667,37.895,75.90291667,56.87916667,27.8,29.5,71.32,0,23.2,54
,8/2/2021,1785.755833,30.13125,14.93625,35.61375,76.8575,57.17708333,27.7,29.1,66.74,0,23.5,50
,9/2/2021,1084.249167,30.39583333,30.22583333,24.79083333,43.98083333,31.66,26,26.5,79.23,10.51,21.4,48
,10/2/2021,1469.21625,27.7075,26.54166667,29.81916667,58.28125,42.05208333,26.7,28,78.07,0.41,27.7,34
,11/2/2021,2689.48125,48.22875,62.14958333,50.31666667,155.0929167,127.0854167,26.7,28.8,82.44,0,22.2,53
,12/2/2021,1523.455833,45.92541667,60.47875,32.8425,81.71666667,65.29375,27.3,29.4,77.57,0,46.4,81
,13/02/2021,1429.717083,42.95458333,27.85708333,32.00833333,69.25291667,53.92375,26,26.5,80.01,1.87,46.4,71
,14/02/2021,2155.145417,44.71833333,43.64916667,37.89875,121.2566667,97.67583333,26.8,28.1,78.07,0,22.2,59
,15/02/2021,2115.090417,44.91166667,12.31375,49.3525,111.6770833,82.18333333,26.8,28.2,77.21,0.27,21.8,64
,16/02/2021,1456.698333,33.15208333,36.26125,34.10333333,62.42291667,43.32625,27.1,28.3,68.86,0.03,22.4,33
,17/02/2021,2154.032083,42.15541667,66.05916667,49.65125,117.3483333,87.32625,26.8,27.9,69.5,0.01,21.7,55
,18/02/2021,1836.101667,33.63416667,39.3825,37.00416667,85.32791667,64.23625,26.9,27.4,65.07,0,22,82
,19/02/2021,568.8291667,16.11208333,74.2075,16.20833333,24.61875,15.96291667,25.8,26,61.19,0,27.8,77
,20/02/2021,1116.793333,28.59458333,48.68708333,22.75916667,52.335,34.73916667,25.4,25.6,60.37,0,31.8,95
,21/02/2021,1082.302917,31.67833333,46.58791667,26.24708333,51.19583333,32.80791667,25.5,26,68.49,0.01,23.9,92
,22/02/2021,1110.117917,34.48083333,41.87416667,25.9175,39.025,27.6075,25.3,25.5,81.95,0.22,20,114
,23/02/2021,2528.7075,45.85333333,21.85416667,47.67375,108.7158333,89.07125,27.3,29.7,80.1,1.06,22.4,64
,24/02/2021,1769.065833,35.08083333,38.86791667,41.12708333,84.14083333,62.49833333,28.2,31.2,77.28,0,17.3,68
,25/02/2021,1569.0725,27.20416667,52.38833333,37.93875,78.27041667,54.13125,28.8,31.2,66.91,0,20.8,131
,26/02/2021,1674.49375,31.94625,106.7929167,48.15041667,117.6879167,89.35,28.3,30.4,68.59,0,16.7,117
,27/02/2021,1250.02875,22.11791667,77.50708333,31.62083333,78.01541667,55.01666667,28.6,31.9,74.09,0,21.3,114
,28/02/2021,1336.257917,24.84791667,47.78083333,35.68416667,62.86,45.49916667,28,31,73.13,4.19,19.7,114
,1/3/2021,2067.247917,49.1475,66.42416667,43.97875,111.1108333,87.87041667,28.4,31.4,72.15,0.74,20.7,168
,2/3/2021,2446.650833,37.865,96.15416667,53.34708333,142.34625,115.2608333,27.9,30.4,74.92,3.88,17.5,93
,3/3/2021,843.9233333,20.6,32.45291667,19.735,33.46958333,21.21,28.2,30.9,70.24,0,22.9,85
,4/3/2021,1132.647917,22.49125,45.9875,21.99958333,52.19208333,35.33875,27.9,30.2,70.36,0,25.3,151
,5/3/2021,1200.238333,23.10625,44.04541667,21.88083333,54.2325,35.80166667,28.4,30.5,67.98,0,22.5,151
,6/3/2021,697.8916667,16.74416667,54.05416667,14.00208333,30.85791667,16.96625,28.5,30.1,64.84,0,25.3,241
,7/3/2021,1136.82,24.26958333,36.3575,18.42791667,50.74166667,33.82083333,27.9,29.3,65.51,0,19.1,214
,8/3/2021,1258.930417,25.33791667,41.28375,22.005,59.65,41.76291667,27.7,29.2,67.17,0,17.7,224
,9/3/2021,1292.865417,25.40625,28.19041667,22.04541667,54.84458333,37.56875,27.4,28.9,69.08,0,22.4,173
,10/3/2021,1102.885417,22.44166667,38.19291667,19.24041667,48.13458333,31.87083333,27.8,28.7,63.47,0,26.1,243
,11/3/2021,914.2970833,20.15333333,32.17291667,16.96375,42.99083333,25.70083333,27.6,28.7,63.55,0,29.2,314
,12/3/2021,750.6016667,20.9175,27.77458333,16.17833333,27.685,16.71166667,27,28.4,72.78,0.3,111.5,279
,13/03/2021,856.4395833,23.35916667,29.29166667,17.40458333,29.30625,20.58,26.4,27.5,77.38,2.18,13.3,345
,14/03/2021,790.7958333,19.92458333,51.60708333,14.92708333,28.96875,20.69291667,27,28.6,74.19,0.07,16.1,335
,15/03/2021,1686.731667,37.76416667,22.67833333,31.3975,65.67875,49.89125,27.1,29.1,80.49,0.16,15.8,362
,16/03/2021,1697.301667,44.21916667,42.41375,40.82083333,86.80041667,69.60166667,27.5,30,82.44,1.14,20.1,384
,17/03/2021,2770.424167,58.34958333,99.64833333,63.24208333,180.19125,151.2383333,29,33.1,75.59,6.39,23.6,380
,18/03/2021,2512.575,57.69666667,90.81875,58.23416667,171.5979167,139.79,29.4,33.9,75.02,0.15,19,503
,19/03/2021,2191.8625,26.94041667,62.71833333,43.85916667,108.6354167,82.63541667,29.8,34.3,70.07,0,17.2,622
,20/03/2021,1605.79,30.94625,25.31791667,33.41833333,65.28666667,46.13958333,29.1,33,72.83,1.8,19.8,688
,21/03/2021,1287.024167,22.59125,25.63333333,25.1925,49.8825,34.575,29,32.8,71.91,18.67,20.3,648
,22/03/2021,1105.11,20.8,28.71333333,22.00541667,42.87708333,29.30083333,29.1,32.3,70.09,0.29,23.7,577
,23/03/2021,744.7604167,18.60833333,48.6875,14.455,30.32416667,22.11583333,28.9,31.1,62.52,0.09,25,500
,24/03/2021,1010.81625,25.61958333,46.33083333,21.61208333,41.89041667,28.29541667,28.1,30.6,70.69,0,20.3,590
,25/03/2021,1265.606667,28.24625,54.40083333,31.01458333,61.07291667,39.82958333,29.1,31.8,67.5,0,20.4,837
,26/03/2021,1241.685,22.88083333,40.02833333,24.5525,55.26,38.37333333,29.2,32,65.95,0,25.7,818
,27/03/2021,1034.459583,20.79583333,24.94958333,20.23125,41.79833333,28.28208333,29.3,32.4,68.3,0,17.5,814
,28/03/2021,1139.879583,23.84041667,39.86916667,28.2725,51.34916667,34.77708333,29.7,33.1,66.91,0,14.7,840
,29/03/2021,822.2258333,22.7925,25.52625,27.85458333,38.39666667,22.38958333,29.8,33.5,66.54,0,16.9,772
,30/03/2021,948.7870833,24.20625,34.23666667,30.28916667,47.13958333,29.70375,30,33.2,63.66,0,14.6,756
,31/03/2021,1116.375417,19.85291667,26.81875,26.02333333,49.37416667,31.3325,29.7,33.6,68.13,0,18.2,413
,1/4/2021,1140.29625,19.9925,34.97333333,29.18708333,53.665,34.13333333,29.6,32.5,66.58,0,20.4,786
,2/4/2021,879.2479167,19.32541667,38.01125,20.88708333,40.72791667,23.17666667,29.2,31,60.99,0,18.3,1177
,3/4/2021,781.61625,18.97541667,51.03666667,21.33833333,35.07791667,19.94291667,29.5,32.1,62,0,16.5,909
,4/4/2021,1034.32,20.48958333,49.54375,25.99333333,47.62291667,31.73,29,32,67.37,0,22.5,677
,5/4/2021,1132.925833,20.575,40.37916667,28.16291667,48.23708333,33.1825,29.1,32.2,68.8,0.27,20.4,435
,6/4/2021,745.1775,19.04666667,87.65,18.85583333,36.35041667,23.77041667,29.5,33.2,69.01,0,25.9,635
,7/4/2021,892.4604167,25.11333333,72.07708333,19.18333333,45.33083333,28.41375,28.4,31.2,71.23,0,18.4,477
,8/4/2021,664.5125,20.57875,84.16208333,21.00583333,31.46208333,17.32666667,28.8,31.4,67.83,0,20.2,707
,9/4/2021,824.7304167,24.77,77.64291667,23.78833333,40.96791667,25.55,28.4,31.5,70.5,0,14.7,740
,10/4/2021,685.6516667,18.36541667,59.84333333,14.37708333,29.67458333,18.735,28.9,31.5,67.84,0,18.4,851
,11/4/2021,807.485,20.45125,52.48208333,15.44041667,34.45875,22.61083333,28.9,31.3,66.02,0,17.3,726
,12/4/2021,1136.820833,29.10416667,39.265,29.415,48.07083333,32.06458333,28.7,31.7,69.21,0,14.7,670
,13/04/2021,2174.33875,62.5325,50.59958333,55.55,106.495,81.32791667,28.8,32.8,75.38,0.31,16.8,597
,14/04/2021,1893.679583,46.68416667,22.68583333,43.07416667,85.14875,60.54208333,29.7,34.4,73,0,13.6,414
,15/04/2021,1176.039583,24.70416667,28.78375,30.83625,51.25708333,33.93791667,28.7,32.7,76.27,0,18.6,641
,16/04/2021,1456.976667,23.65458333,28.19291667,36.08,69.65291667,45.55541667,29.5,33.4,71,0,16.5,693
,17/04/2021,1066.724167,24.06916667,23.27958333,26.75375,47.22291667,29.72333333,29,32.5,70.61,0,18.1,608
,18/04/2021,1121.8,24.31916667,23.71666667,26.37083333,46.06875,31.41666667,29.2,33,71.47,0,18.8,519
,19/04/2021,767.7091667,25.66916667,40.24458333,19.60958333,32.53916667,22.59916667,29.6,33.7,67.69,0.07,28.8,459
,20/04/2021,947.9520833,25.66583333,50.40541667,21.46708333,52.03083333,36.90666667,28.6,32.9,76.67,6.71,29.2,300
,21/04/2021,473.6983333,15.96541667,64.62666667,11.22541667,29.16083333,15.54708333,29,34.1,78.65,0.02,27.2,454
,22/04/2021,732.94,20.78958333,60.04916667,16.93333333,37.92416667,24.09,29.2,34.2,78.07,0.36,27.3,413
,23/04/2021,904.84,24.06958333,73.47875,20.0275,57.7875,39.16458333,29.2,33.3,72.47,0,29.1,394
,24/04/2021,577.0341667,15.2,95.30833333,15.05625,57.73,40.46875,28.6,32,72.8,0,25.5,395
,25/04/2021,860.8904167,23.69791667,92.53291667,25.06458333,76.53208333,58.12458333,28.8,32.2,72.7,0,23.7,330
,26/04/2021,743.2304167,26.04791667,39.73083333,24.20875,28.42583333,17.68625,27.7,30,73.27,8.34,22.2,335
,27/04/2021,633.22125,22.16791667,53.90583333,19.74958333,25.48583333,14.40625,28.2,30.5,68.94,0.18,21.8,289
,28/04/2021,1051.14875,28.475,65.34333333,30.61708333,47.2075,29.1875,28.6,31,68.02,0,21.3,230
,29/04/2021,927.6470833,28.62166667,80.40625,27.72666667,55.17416667,37.37,28.6,31.7,73.05,0,25.5,322
,30/04/2021,1404.126667,35.39375,138.0825,45.31,111.6441667,92.20458333,29.7,34.2,73.63,0,22,294
,1/5/2021,694.55375,19.27583333,74.12916667,25.63375,32.43083333,20.51125,30.3,34,65.91,0,16.8,304
,2/5/2021,761.1716667,15.14208333,52.92333333,17.52958333,30.20458333,19.19333333,30,33.2,64.22,0,20,262
,3/5/2021,852.685,16.11083333,30.30791667,17.61416667,33.95708333,21.71416667,30,33.2,62.26,0.66,24,204
,4/5/2021,652.2754167,15.98791667,22.70458333,14.82291667,22.75375,13.3725,30.4,34.4,65.36,0.36,28.9,179
,5/5/2021,732.2445833,14.39125,9.962083333,15.86083333,26.80958333,17.02916667,30.8,34.7,64.09,0,25,199
,6/5/2021,905.9516667,14.89125,13.5625,19.77041667,36.07333333,23.80875,30.7,34.1,62.25,0,24.1,215
,7/5/2021,1034.598333,18.49708333,14.72958333,22.80375,40.34166667,27.65541667,30.1,34.4,67.82,2.7,20.6,269
,8/5/2021,845.87,19.24291667,24.77791667,20.22208333,35.05708333,22.51041667,30.1,34.7,69.48,2.7,25.2,134
,9/5/2021,601.79,15.53083333,30.36041667,19.12958333,25.7725,15.50958333,30.7,35.8,68.74,16.28,20.2,217
,10/5/2021,556.5895833,20.37125,11.52083333,22.60666667,20.0575,11.53583333,30,35,71.77,0,24.6,172
,11/5/2021,513.0583333,18.83708333,16.15708333,21.87625,15.87,8.442083333,30.3,35.7,72.07,0.01,19.6,131
,12/5/2021,463.6858333,15.96625,28.23333333,19.3975,15.90625,8.5875,31.1,36,66.1,0,20.3,114
,13/05/2021,488.1625,13.87416667,31.82833333,14.71083333,19.63958333,10.06666667,30.5,34.7,66.67,0,22.2,163
,14/05/2021,659.785,17.22208333,27.70416667,17.05166667,26.45291667,14.8075,30.4,34,62.9,0,22.1,180
,15/05/2021,423.63125,13.40458333,28.57333333,13.23833333,15.81333333,9.306666667,30.7,35.7,67.93,0.01,41.5,183
,16/05/2021,418.2054167,12.21916667,31.68458333,13.30791667,15.36208333,8.82375,30.7,35.5,67.44,0.01,22.1,135
,17/05/2021,743.3695833,14.72375,34.705,17.24083333,32.7425,20.57166667,31,35.5,64.54,0,23.5,133
,18/05/2021,442.1275,15.93375,13.07916667,17.29125,13.91916667,7.42125,30.3,35.4,70.37,0.02,20.3,113
,19/05/2021,428.7758333,15.6525,23.54125,16.77958333,14.64083333,7.734583333,30.3,34.6,67.61,0,20.1,120
,20/05/2021,495.2554167,19.735,36.32125,25.33208333,20.41958333,12.60666667,31.2,36.7,66.19,0,20.4,140
,21/05/2021,718.1979167,26.7325,75.7625,39.895,38.24833333,27.91208333,30.1,35.9,73.54,0,18,162
,22/05/2021,761.59,25.67291667,68.21458333,28.53583333,42.60458333,34.33,29.9,35.3,75.52,0,29.2,135
,23/05/2021,1595.22,38.98833333,97.70583333,42.21125,115.22625,97.21291667,30.3,35.8,72.69,0.07,22.8,55
,24/05/2021,1762.669167,35.37958333,89.83666667,38.22625,110.8733333,89.92666667,29.5,33.1,70.42,0.91,30.1,107
,25/05/2021,1025.55625,29.29,50.22166667,35.685,64.0325,45.83625,31,36.2,67.7,0,16.4,47
,26/05/2021,1077.295833,27.73916667,108.8658333,44.80208333,87.05666667,65.93875,31,36.4,68.51,0,15.8,107
,27/05/2021,853.1025,25.90416667,86.29166667,39.13083333,48.50583333,32.66333333,31.5,37.2,66.55,0,13,117
,28/05/2021,851.4333333,23.06333333,85.71166667,34.54083333,46.26333333,33.75208333,31.4,37.3,67.98,34.25,14.8,131
,29/05/2021,863.3941667,26.47958333,93.47875,29.38625,57.19333333,44.835,31.6,38.8,70.43,0,23.7,129
,30/05/2021,859.91625,25.32875,81.08125,20.94916667,53.91375,46.50166667,31.1,38.9,73.13,4.58,31,93
,31/05/2021,1642.505833,48.06041667,89.56833333,44.68833333,114.06625,98.52958333,31.3,38.6,72.49,7.5,26,101
,1/6/2021,2125.660833,57.96333333,55.36375,50.8025,163.0708333,138.6991667,31.4,37.7,70.53,0.94,17.5,61
,2/6/2021,787.17875,22.9525,15.805,22.67958333,34.29833333,26.61458333,27.9,31.5,82.44,15.79,25.5,106
,3/6/2021,421.5445833,10.03666667,11.44166667,8.30125,7.487916667,5.56125,28.3,31.9,82.74,13.28,24,92
,4/6/2021,434.89625,10.27958333,18.74666667,8.86,9.08625,5.684583333,28.6,33.3,81.87,0.05,27.1,105
,5/6/2021,504.29625,11.34958333,26.41875,9.684583333,15.9175,10.5875,29.9,36.2,77.43,0,31.1,113
,6/6/2021,510.1366667,11.67208333,11.28416667,10.57458333,14.97166667,9.946666667,29.3,34.8,77.83,0,20.6,123
,7/6/2021,707.6266667,22.25625,14.14125,20.10666667,21.1125,16.25583333,28.5,33.1,82.93,0.03,21.1,82
,8/6/2021,1562.397083,48.23916667,4.958333333,43.72125,73.67083333,63.21791667,28,32,82.62,7.51,26.6,84
,9/6/2021,2083.382083,58.24958333,3.807916667,53.9325,126.5625,110.1375,26.3,28.5,89.35,7.09,21.8,103
,10/6/2021,1059.49375,40.63375,21.015,31.60583333,36.51666667,29.71541667,27.8,30.3,81.42,4.73,17.5,157
,11/6/2021,2172.947083,50.61083333,16.82458333,46.60208333,100.965,86.33333333,27.8,31.7,85.23,0.31,15.4,86
,12/6/2021,884.2554167,40.57083333,17.77125,42.59708333,52.62041667,43.86291667,28.5,32.7,77.45,0,20,99
,13/06/2021,983,35.25125,24.6425,35.72291667,43.18833333,36.06,28.4,32.1,76.64,0,18.7,108
,14/06/2021,534.3366667,12.26708333,41.68291667,12.43708333,15.38375,10.46416667,28.7,33.1,77.56,1.91,27.1,111
,15/06/2021,857.69125,13.35416667,22.03416667,18.15958333,33.75166667,23.15666667,29.5,34.9,76.03,0,27.3,86
,16/06/2021,937.2445833,16.20166667,26.94625,19.01875,40.80125,28.40416667,29.5,35.2,76.41,0,24.2,78
,17/06/2021,712.355,16.28375,36.37083333,16.57458333,28.59708333,18.78458333,30.2,36.3,73.96,0,27.3,102
,18/06/2021,869.9304167,16.65458333,39.6675,16.93791667,42.84416667,28.24875,30.1,36.2,74.75,0,29.2,85
,19/06/2021,378.98625,9.436666667,29.28416667,7.05875,10.75583333,6.51125,30.3,36.9,74.15,0,31.2,93
,20/06/2021,373.7020833,8.74375,7.6275,6.740416667,8.048333333,4.71625,29.5,35.1,77.28,2.06,31.2,80
,21/06/2021,373.7025,9.8125,9.971666667,8.0475,7.29875,4.41375,27.6,31.1,83.07,23,27.3,58
,22/06/2021,481.07125,10.7775,10.84833333,9.880416667,9.5275,6.390833333,28.4,32,77.22,2.99,29.2,49
,23/06/2021,548.2441667,11.09583333,7.604583333,12.59166667,12.73541667,8.556666667,28.3,32.1,78,7.64,27.2,57
,24/06/2021,587.1866667,15.2175,7.329166667,13.94916667,13.54125,8.735,28.6,32.5,77,0.01,19.5,104
,25/06/2021,1599.94875,25.30625,20.18,24.88416667,58.95333333,46.12875,28.4,32.8,79.69,0.02,20.3,78
,26/06/2021,2122.322917,32.58,40.38416667,24.02041667,103.8279167,88.9025,29.5,34.7,76.59,0.01,16.9,100
,27/06/2021,2619.107917,43.505,113.6354167,42.73708333,196.7841667,173.0233333,29.3,34.7,77.3,4.28,15.5,99
,28/06/2021,2076.15,49.51708333,107.5108333,44.62541667,180.77,157.9558333,28.8,34,80.93,4.23,22.9,102
,29/06/2021,971.8729167,26.32666667,34.865,25.4375,39.19416667,29.71708333,28.9,33,76.6,0,24,76
,30/06/2021,1256.982917,19.08333333,41.30666667,20.92666667,56.9175,43.4025,29.9,35.3,74.21,0.15,24.9,69
,1/7/2021,1616.915417,44.72625,32.02291667,36.5975,83.21041667,65.25166667,29.5,34.4,74.63,4.71,24.3,76
,2/7/2021,2206.324583,47.50416667,61.25958333,38.55375,132.9358333,112.8283333,29,33,73.52,0.37,24.9,104
,3/7/2021,1612.74375,48.52458333,12.85083333,38.32583333,85.33875,70.61833333,27.3,30.4,84.16,6.05,17,125
,4/7/2021,807.4841667,23.34125,12.23458333,25.50125,30.07166667,22.86166667,27.7,31,83.48,41.38,15.8,104
,5/7/2021,1188.27875,25.71208333,7.158333333,28.22791667,47.16916667,36.53875,28.1,32.2,82.49,0.67,21.5,87
,6/7/2021,1536.52875,39.86333333,16.20416667,36.46916667,67.92708333,55.3725,27.4,30.5,80.09,10.1,55.4,63
,7/7/2021,1518.447917,29.82416667,54.50791667,35.62458333,87.25916667,67.24958333,29.2,33,75.51,0,19.3,91
,8/7/2021,1883.38875,31.88083333,56.96625,36.6575,89.65375,66.63333333,30,35,71.03,0.05,18.3,91
,9/7/2021,1316.507917,20.32208333,10.72416667,28.2125,53.13541667,36.87541667,29.7,34.8,71.84,1.91,17.5,75
,10/7/2021,708.1833333,17.61875,16.82166667,18.56208333,27.02,16.58625,29.2,33.7,72.86,2.61,20.2,101
,11/7/2021,828.3458333,15.46375,8.602916667,17.38041667,29.21708333,19.02,29.6,34.8,74.25,0,20.1,80
,12/7/2021,1835.822917,24.44166667,7.2725,37.64958333,70.26583333,50.84041667,30,35.7,73.55,9.44,16.1,81
,13/07/2021,1560.171667,27.00458333,1.167916667,45.43833333,68.18583333,49.10041667,29.2,33.9,75.2,1.7,16.1,95
,14/07/2021,2656.937917,49.40291667,2.055416667,63.38041667,136.52375,106.2095833,28.7,33,77.48,20.86,17.6,89
,15/07/2021,2358.475833,27.74,13.86916667,34.89,127.1458333,103.5195833,27.8,32.2,82.62,2.8,20.2,90
,16/07/2021,786.0670833,24.32,35.81166667,19.45625,33.45791667,26.44041667,28.4,32.3,81.11,0.77,26.6,114
,17/07/2021,498.7320833,17.24125,27.52291667,12.93458333,11.04958333,7.644166667,28.6,33.7,81.52,94.02,22.4,134
,18/07/2021,420.8491667,10.94583333,30.90583333,8.23625,7.947083333,5.855833333,28.3,32.8,80.49,3.09,23.6,111
,19/07/2021,407.6379167,8.369166667,24.45,6.252916667,7.890833333,6.16,27.5,31.1,85.83,12.5,22.1,149
,20/07/2021,420.7104167,8.535,34.95041667,6.1,10.4175,8.42,27.2,30.6,88.04,17.05,34.9,141
,21/07/2021,405.68875,8.96125,37.98291667,6.319583333,11.78166667,9.439583333,26,26.9,92.35,79.47,32,149
,22/07/2021,391.50375,7.30625,52.43791667,4.8375,12.26625,10.36916667,25.8,26.4,93.27,87.96,23.9,133
,23/07/2021,383.4370833,6.347916667,48.42916667,4.294583333,9.112083333,7.409166667,26.9,28.9,88.4,103.17,29.9,125
,24/07/2021,333.2304167,4.65,29.33333333,3.283333333,8.3975,7.092916667,26,27.1,92.6,134.24,42.4,154
,25/07/2021,303.05125,4.386666667,27.84458333,3.2525,7.73625,6.25375,26.5,28.5,89.97,64.22,31.6,124
,26/07/2021,317.7920833,4.937916667,36.00125,4.141666667,14.49708333,9.0425,29.1,35.1,81.76,6.9,37.1,164
,27/07/2021,351.4491667,5.32,34.56333333,4.201666667,17.06708333,13.36083333,28.5,33.8,84.8,7.35,35.2,87
,28/07/2021,350.615,6.462083333,30.54666667,4.629583333,9.935833333,8.312916667,26.9,29.6,91.96,31.52,35.5,131
,29/07/2021,385.2454167,7.874166667,20.1625,5.696666667,8.71125,6.9625,27,30.2,90.87,17.64,27.8,151
,30/07/2021,361.6025,7.32125,23.10416667,5.6625,8.579166667,6.4175,28.7,33.9,82.21,5.86,70.6,162
,31/07/2021,306.38875,5.110416667,27.32208333,3.941666667,7.579583333,5.60125,28.7,34.2,82.09,2.45,49.8,227
,1/8/2021,304.99875,4.55875,30.33958333,3.57,9.659583333,7.488333333,29.7,36,78.27,0.87,35.2,240
,2/8/2021,324.6075,5.3675,30.84583333,4.238333333,10.76083333,8.352916667,29.3,35.1,78.89,0.27,40,263
,3/8/2021,351.3108333,5.855,33.9,4.34625,11.39541667,9.477083333,29.5,36,79.75,2.34,45.3,207
,4/8/2021,347.5558333,5.902916667,23.31291667,4.464583333,8.1275,6.386666667,29.9,36.7,77.87,0.94,35.3,213
,5/8/2021,353.95375,5.587083333,25.5625,4.629583333,9.1825,7.150416667,29.4,35.6,80.03,2.87,33.1,220
,6/8/2021,353.9520833,5.650833333,26.39083333,4.803333333,14.21708333,10.12958333,29.4,35.7,79.24,0.95,46.3,311
,7/8/2021,358.2645833,5.09125,33.23833333,4.3225,11.32708333,7.94375,29.7,36.5,79.46,0.01,29.9,391
,8/8/2021,385.8008333,7.22625,22.26333333,5.874166667,10.27916667,7.025416667,29.7,35.9,78.12,0,28.8,246
,9/8/2021,555.4758333,14.42833333,9.550833333,13.74958333,16.33291667,10.60375,29,34.1,76.65,2.11,25.8,303
,10/8/2021,630.8558333,15.12708333,6.542916667,15.43791667,16.41958333,11.71458333,28,32.3,82.3,5.27,18.3,310
,11/8/2021,2016.3475,26.81958333,11.96708333,38.43083333,74.275,61.23791667,27.7,31.1,81.33,4.81,20.4,400
,12/8/2021,3128.6875,52.88625,20.515,46.26291667,168.2125,141.3183333,29.1,34.2,78.06,0,12.9,487
,13/08/2021,2301.455417,44.13416667,97.55208333,57.69833333,180.49125,149.0983333,29.8,34.6,71.6,0.04,13.6,515
,14/08/2021,1963.495833,49.23791667,19.84916667,39.56791667,132.6679167,110.85375,28.9,33.4,75.33,19.79,20.5,552
,15/08/2021,2106.190417,42.22666667,38.47916667,36.965,131.80125,114.31625,27.3,30.2,82.96,3.64,11.2,425
,16/08/2021,2522.86625,41.54125,80.85125,40.68958333,173.5575,150.1279167,29.5,34.1,74.62,0,20.4,483
,17/08/2021,1542.647917,26.5725,59.83458333,44.565,94.89625,68.2625,29.6,35,75.13,2.43,14.8,347
,18/08/2021,1980.46375,46.46125,41.18541667,52.71041667,116.1270833,89.62958333,28.9,33.4,79.16,4.24,25.7,355
,19/08/2021,2231.91625,56.74208333,95.18916667,57.88583333,223.1516667,202.0883333,28.8,33.7,79.16,0.48,20.4,507
,20/08/2021,3257.750833,76.25708333,29.15458333,56.40666667,261.86625,239.8633333,28.6,32.4,80.12,0.45,13.7,564
,21/08/2021,3791.80875,74.3575,8.103333333,50.93291667,246.85125,224.7316667,28.2,32.2,80.12,2.9,14.9,487
,22/08/2021,1556,38.93875,73.01625,32.12708333,100.0420833,91.87291667,28.3,31.7,80.94,8.43,23.4,520
,23/08/2021,1532.63375,51.18083333,13.75458333,39.30833333,87.8175,75.68666667,28.5,32.8,82.27,2.11,18.3,614
,24/08/2021,2627.175,59.38416667,4.458333333,65.09875,112.0279167,94.67208333,27.1,29.5,84.03,1.85,16.4,308
,25/08/2021,3494.183333,74.87208333,6.49125,93.75833333,199.95375,168.9808333,27.7,30.7,81.61,15.36,13,478
,26/08/2021,1409.968333,32.21541667,4.926666667,34.54958333,66.54875,50.50291667,27.7,31,81.2,3.04,13.1,425
,27/08/2021,1231.95,33.76541667,11.99375,39.39916667,45.52666667,30.725,28.3,32,78.5,4.84,14.8,548
,28/08/2021,1564.344583,26.54041667,9.893333333,33.68708333,61.44416667,45.37625,28.9,34,78.86,4.23,16.6,582
,29/08/2021,1320.402083,26.63416667,7.044166667,35.45375,59.32,44.76291667,28.7,32.9,79.59,2.2,14.8,612
,30/08/2021,1928.726667,50.18166667,2.122083333,61.83041667,101.87125,81.24416667,28.1,32.1,83.11,3.67,14.8,578
,31/08/2021,2006.054583,50.89583333,13.12166667,61.45375,112.23125,87.22916667,29.1,33.5,76.87,0.03,13.2,423
,1/9/2021,3248.85125,58.34958333,30.19166667,59.96291667,174.6516667,146.16,28.5,32.7,78.06,14.63,13.3,412
,2/9/2021,4012.107917,50.96041667,92.66625,63.91583333,298.7,273.3470833,28,31.4,79.92,1.93,24,572
,3/9/2021,2849.697917,66.21,60.38291667,48.60916667,231.2066667,210.9716667,28.6,32.3,76.11,12.71,22,613
,4/9/2021,1317.899167,27.94291667,50.61625,22.45583333,84.44,74.61541667,28.5,32.4,80.49,1.89,25.7,582
,5/9/2021,1877.267917,34.09416667,22.43291667,25.84833333,106.5725,88.29375,29,33.7,78.21,7.93,16.4,478
,6/9/2021,3162.6225,62.06125,5.132916667,59.2075,164.3108333,135.5791667,27.9,31.7,84.42,4.6,20.4,587
,7/9/2021,1394.112083,41.37083333,2.296666667,37.87875,59.83833333,43.76583333,27.4,30.4,85.32,3.24,9.6,524
,8/9/2021,666.73875,19.4075,12.42125,14.325,15.145,11.69583333,25.4,25.5,92.68,92.36,21.5,351
,9/9/2021,897.8858333,26.04083333,19.96666667,24.19041667,26.62375,21.18625,28.4,32.7,81.94,0.01,51.2,566
,10/9/2021,1228.055833,17.18583333,29.99916667,18.02875,45.80333333,39.89541667,27.5,30.9,84.67,1.68,24,547
,11/9/2021,421.9625,7.337916667,37.29791667,4.864583333,7.087083333,5.627083333,26.9,29,88.13,65.99,26.8,973
,12/9/2021,1396.75625,22.42458333,10.59583333,21.02916667,49.73291667,40.62625,27,29.4,86.57,1.3,34.5,519
,13/09/2021,2371.55,61.39166667,21.20541667,50.06833333,148.7766667,123.8995833,28.6,32.8,80.2,0.13,14.7,507
,14/09/2021,3013.531667,72.66625,95.58125,73.75125,217.39375,182.77625,29.4,34.5,77.92,0,26.4,458
,15/09/2021,3002.405833,51.01625,7.277083333,52.87958333,176.6270833,145.9483333,28.8,33.4,77.15,6.93,21.8,404
,16/09/2021,2821.048333,42.76916667,88.91666667,66.51875,198.5775,166.3120833,28.1,32.6,82.64,27.83,19.2,549
,17/09/2021,2156.81375,39.12875,9.434583333,52.36333333,115.1816667,90.03583333,27.9,31.2,81.41,32.87,42.7,478
,18/09/2021,1170.893333,20.94958333,25.20583333,26.38958333,43.70583333,30.39458333,29.4,35.4,78.38,0.94,20.1,559
,19/09/2021,2164.045417,43.905,15.64416667,39.29875,105.0120833,86.58,27.5,30.8,84.1,2.14,13.2,478
,20/09/2021,2866.11,41.47083333,0.125833333,59.41708333,130.1491667,109.37125,27.8,31.3,83.38,32.5,16.2,430
,21/09/2021,1382.986667,21.76375,13.01875,31.44041667,63.27208333,45.91291667,29.3,34,76.48,0.11,18.3,377
,22/09/2021,752.96625,24.06333333,13.30416667,30.09083333,34.32375,24.97208333,29.8,35.1,72.93,0,20.6,332
,23/09/2021,1320.402917,25.53416667,20.06166667,31.56125,59.13708333,44.0275,29.9,35.3,72.75,2.8,17.2,433
,24/09/2021,1613.298333,22.60625,33.00208333,27.37916667,67.435,47.60208333,29.4,33.2,69.79,5.91,24.4,432
,25/09/2021,1323.184167,28.06125,61.57833333,30.68708333,60.16125,43.5375,29.2,33.6,72.34,32.43,20.7,133
,26/09/2021,1546.543333,33.86583333,95.91416667,35.295,100.0458333,80.13041667,29.6,35.3,75.56,0,33.1,514
,27/09/2021,2051.670833,53.22208333,18.69291667,47.09875,115.9358333,96.11458333,29,34.1,79.16,0.34,16.6,268
,28/09/2021,2143.185417,49.185,88.955,45.36916667,176.275,152.7170833,29.5,35.7,78.45,0.01,23.3,202
,29/09/2021,2070.029583,46.98291667,38.93958333,35.88791667,156.9825,139.5966667,29.4,36,81.2,0.3,20.5,291
,30/09/2021,576.895,19.76583333,28.73041667,14.53875,22.0925,17.0275,28.8,34.6,83.22,25.06,15.2,335
,1/10/2021,832.5183333,28.09791667,19.63208333,23.42416667,35.22125,25.0375,29.2,35.1,80.53,35.88,24,388
,2/10/2021,2690.871667,56.56333333,11.21083333,53.3475,148.28375,120.8620833,29.2,35.1,78.97,1.12,17.6,268
,3/10/2021,1382.43,30.83208333,21.45416667,28.49041667,55.38583333,41.19833333,28.4,33.1,81.19,1.97,17.3,244
,4/10/2021,1789.650833,23.75625,6.150833333,29.435,67.84458333,50.45625,27.5,30.9,84.2,18.47,21,144
,5/10/2021,985.2254167,24.27083333,7.775833333,26.40583333,33.74041667,22.46,27,29.6,89.52,6.33,26.1,164
,6/10/2021,1051.982917,31.03875,56.6425,43.53166667,53.38,40.28291667,28,32.1,83.55,0.52,14.9,181
,7/10/2021,1895.626667,52.36666667,21.00333333,44.02833333,95.27166667,79.29166667,28.6,33,76.29,0,37.1,161
,8/10/2021,2229.690417,55.86583333,29.67583333,44.52541667,138.9095833,120.21,29,34.3,79.32,0.05,18.2,161
,9/10/2021,2169.888333,24.33416667,27.82958333,30.43833333,112.2670833,95.18583333,29,34.4,78.88,0,32,132
,10/10/2021,1192.450417,22.94125,24.47375,18.64791667,47.58958333,36.1225,29,34.6,80.59,1.9,26.5,274
,11/10/2021,445.7441667,11.11125,47.34916667,7.85,23.4125,16.63541667,28.8,34.2,80.86,2.06,38.6,145
,12/10/2021,537.2566667,14.95666667,43.59375,10.21583333,18.23041667,15.21625,27.9,32.1,84.55,10.81,28.5,183
,13/10/2021,1146.834167,32.90875,11.98333333,25.93291667,39.02208333,31.98333333,27.6,30.8,84.18,1.72,13.9,121
,14/10/2021,1302.322083,38.73583333,15.30166667,28.515,54.905,45.32166667,27.4,31,87.17,0.32,16.9,171
,15/10/2021,1887.559583,49.45333333,15.07708333,49.73041667,79.52208333,65.55375,27.8,31.6,85.25,10.69,16.7,150
,16/10/2021,2203.683333,41.27708333,16.43666667,47.78791667,90.47791667,70.26458333,28.8,33.4,80.32,0.74,15.9,112
,17/10/2021,3134.528333,60.08416667,28.985,59.25791667,141.71625,115.8604167,29.3,34.1,74.55,0.05,11.3,130
,18/10/2021,1682.83875,32.74583333,23.92625,32.77333333,69.1575,48.41208333,27.5,30.4,80.9,0.1,13.2,145
,19/10/2021,2199.650417,33.04458333,27.66375,46.82875,100.4429167,72.20791667,28.9,32.3,73.75,0,15.1,130
,20/10/2021,2633.294167,45.16833333,10.11208333,53.35666667,115.71375,86.11208333,28.6,32.4,75.26,0.07,16.6,71
,21/10/2021,2833.2875,53.06625,4.33,55.52166667,131.4845833,102.1504167,28.1,32,82.46,3.15,24.1,64
,22/10/2021,2762.63625,52.73833333,12.48666667,46.5525,112.2266667,89.46166667,28.3,31.6,75.59,0,13.6,77
,23/10/2021,1092.870833,25.34166667,19.44291667,20.65208333,39.33916667,27.31375,28,31.5,78.43,4,16.3,132
,24/10/2021,1690.07,28.24708333,10.35458333,26.76208333,60.64375,44.14625,26.9,28.7,81.87,5.22,15.3,95
,25/10/2021,2075.037917,32.89541667,9.19125,45.17083333,79.655,58.43833333,26.4,27.6,85.26,7.4,11.3,110
,26/10/2021,2289.772917,35.68666667,19.90958333,41.56458333,93.41875,68.53291667,27.5,29.9,78.38,2.84,14.8,144
,27/10/2021,1841.10875,39.6575,16.64416667,32.58333333,76.60125,51.88083333,28.5,31.3,73.46,2.7,13,70
,28/10/2021,1001.08125,24.03125,48.87375,20.39416667,44.30458333,28.93125,28.1,31.4,74.23,0.08,17.2,119
,29/10/2021,1017.630417,27.9075,49.73541667,20.38125,47.435,30.78,29.1,31.3,63.55,0,20.4,63
,30/10/2021,1067.141667,25.16291667,44.90291667,19.69916667,47.73041667,32.29041667,28.7,31.5,68.83,0,23.2,70
,31/10/2021,1509.13,24.27,37.5275,22.48333333,72.01916667,52.2125,28.9,31.2,66.12,0,16.7,68
,1/11/2021,1721.224167,33.25958333,32.30166667,29.30583333,77.85083333,54.24208333,28.2,31,73.82,0.51,23.1,51
,2/11/2021,1446.682917,30.03208333,35.72416667,26.38041667,64.71375,43.00375,28.8,31.4,69.05,0,27.6,34
,3/11/2021,1395.22625,33.33,36.38125,26.73166667,60.90041667,41.13916667,29.6,32.3,62.19,0,20.5,25
,4/11/2021,1757.382917,31.51666667,26.45458333,30.44291667,73.1725,51.13791667,29.5,32.8,65.72,0,16.6,41
,5/11/2021,993.9879167,23.97625,21.94208333,21.5325,35.13458333,22.3675,29.2,33.4,70.91,0.01,39.4,56
,6/11/2021,1178.822083,19.22708333,30.80833333,26.27625,48.36541667,33.76375,29.7,34.6,73.27,0,44.6,52
,7/11/2021,1426.657083,20.43791667,18.565,26.98541667,56.83916667,39.55208333,29.3,34,74.49,2.7,18.5,51
,8/11/2021,1089.8125,23.78375,14.20916667,26.60291667,41.72791667,26.28291667,28.7,33.5,81.23,26.05,14,45
,9/11/2021,1419.980417,21.62375,16.2725,24.80625,64.58708333,42.24916667,29.8,33.5,68.25,0,18.5,38
,10/11/2021,1351.555833,26.0975,13.75833333,29.36541667,57.95166667,38.12541667,29.1,33,70.23,0,17.8,66
,11/11/2021,1377.701667,28.55291667,17.88916667,31.84458333,58.21083333,37.97166667,29.4,32.6,67.25,0,15.2,41
,12/11/2021,1256.148333,24.58416667,20.06875,25.26166667,47.63791667,31.89833333,28.8,32.9,74.06,0.01,13.8,43
,13/11/2021,1399.258333,26.7825,9.66875,25.49,49.80333333,33.80541667,29.2,34,74.53,0,16.5,33
,14/11/2021,1443.34625,35.10125,17.75,31.19333333,57.34208333,38.90458333,29.1,33.5,75.08,0.03,14.1,32
,15/11/2021,1900.354583,37.80041667,4.767916667,35.19625,70.445,50.83,28.5,32.7,76.86,13.41,16.1,34
,16/11/2021,1621.36625,26.66875,9.640416667,29.93125,63.31833333,44.63,29,32.8,74.86,0.16,15.8,13
,17/11/2021,1125.276667,23.80041667,13.54375,23.84083333,41.19,27.96916667,29.2,33.4,73.54,0.34,17,66
,18/11/2021,2706.17,45.87583333,11.20291667,51.22083333,102.7158333,75.59833333,28.9,33,73.88,0,36.2,34
,19/11/2021,2408.823333,45.60375,51.09166667,44.39583333,124.6125,95.08666667,29,33.5,75.41,0,16.2,37
,20/11/2021,1421.650417,28.8325,17.73666667,34.01333333,60.13333333,40.90458333,27.9,31.5,81.53,0.03,18.7,35
,21/11/2021,1398.840833,35.52958333,11.58458333,36.09083333,56.89375,41.74,27.9,31.1,84.16,3.13,21.9,60
,22/11/2021,2234.141667,43.70583333,75.37791667,60.14083333,149.2741667,120.255,28.8,33.2,79.54,0.84,15,14
,23/11/2021,1897.29625,27.10416667,18.64583333,31.84333333,76.8225,56.58083333,28.8,32.8,74.17,0.01,16.7,42
,24/11/2021,1225.9675,26.22958333,18.72041667,23.85125,47.98,32.3075,29,32,68.48,0,20.5,21
,25/11/2021,1961.827083,37.47166667,5.15875,34.78,69.19208333,49.55083333,28.6,32,73.11,0.06,18.6,17
,26/11/2021,3508.090417,83.755,47.62375,65.415,186.8195833,154.1670833,27.6,30.6,79.06,0.41,18,14
,27/11/2021,1283.269583,20.68125,8.475416667,23.12166667,47.61541667,31.54666667,28.2,31.2,76.62,0.2,18.3,18
,28/11/2021,1694.799583,28.93916667,11.39666667,29.55416667,62.08625,44.51041667,26.3,27.1,86.41,4.22,13,23
,29/11/2021,2053.339583,47.93166667,27.0075,53.22708333,95.38875,72.74,28.5,32.2,76.48,0.01,18.2,16
,30/11/2021,2540.667917,52.78,36.33291667,50.85208333,151.2829167,124.3066667,28.9,33.6,77.44,1.8,20.4,10
,1/12/2021,2659.71875,57.67875,2.136666667,60.04208333,125.5525,94.23333333,28.7,33.1,75.56,0,16.8,11
,2/12/2021,1144.885833,27.63125,43.29791667,24.08,47.75833333,35.49833333,27.7,29.1,64.29,0,22.4,16
,3/12/2021,1093.705833,25.04125,42.34041667,22.03375,46.15541667,32.76583333,27.1,27.8,62.51,0,20.5,10
,4/12/2021,825.5645833,23.33791667,49.89916667,16.93958333,28.98125,20.45666667,26.2,26.9,69.42,0,20.7,10
,5/12/2021,1101.215833,25.81541667,51.98625,19.7775,48.63208333,36.59791667,26.3,26.8,64.72,0,18.4,11
,6/12/2021,1890.341667,36.65708333,42.82625,31.80875,85.065,64.95375,26.3,27.1,66.26,0,19.5,16
,7/12/2021,1844.8625,32.84125,25.85458333,32.1475,82.00708333,61.69583333,26.2,27.3,72.28,0.02,16.8,13
,8/12/2021,1657.802917,32.47708333,33.64916667,35.13791667,65.65916667,48.47625,27.4,28.1,61.51,0,28.8,10
,9/12/2021,1021.385,31.31333333,46.66291667,21.76708333,40.65708333,28.76458333,27.3,28.1,64.45,0,20.6,14
,10/12/2021,1444.7375,29.375,41.19833333,27.40416667,57.14416667,41.74708333,27.4,28.5,64.93,0,24,12
,11/12/2021,998.8541667,23.52333333,42.2375,17.24333333,39.50708333,27.87,26.8,28.4,73.28,0,17,15
,12/12/2021,1075.485833,23.51208333,37.93083333,19.22541667,37.44916667,27.28041667,27.5,29.4,73.9,0,17.7,24
,13/12/2021,1356.979167,29.3425,29.6675,28.51125,50.7875,36.19166667,27.5,28.9,72.49,0,36.1,4
,14/12/2021,1381.039167,32.4975,34.39916667,30.23958333,61.16375,39.77541667,27.5,28.3,64.05,0,23.8,16
,15/12/2021,1052.539167,25.61166667,37.225,18.75083333,45.38833333,28.31041667,26.5,27.6,70.49,0,27.3,2
,16/12/2021,675.3604167,18.06833333,54.68666667,15.18458333,26.12291667,14.585,28,29.9,66.91,0,32.5,12
,17/12/2021,468.55125,13.14791667,42.06666667,11.74125,11.53833333,7.225,27.9,31.1,78.17,3.04,21.6,26
,18/12/2021,712.91125,15.19666667,23.20041667,13.88791667,20.5925,13.83333333,28.5,32.1,79.39,4.94,21.6,9
,19/12/2021,1801.60875,34.45916667,10.76833333,37.78958333,64.53083333,49.04666667,25.3,25.3,91.97,0,24.1,14
,20/12/2021,1352.668333,34.38,17.58375,31.35208333,50.88625,35.68833333,27.8,30.7,79.75,0,22.3,19
,21/12/2021,1481.175417,29.95208333,36.04541667,32.67333333,62.41791667,44.04291667,28.7,32.5,75.79,2.48,14.8,5
,22/12/2021,3471.374167,54.66375,0.58,60.60708333,161.2195833,124.72625,27.5,30.5,81.11,0.65,22.1,14
,23/12/2021,2352.635833,31.60208333,51.36583333,38.93166667,115.33625,90.88875,27.3,29.6,78.38,0,40.2,11
,24/12/2021,3017.425833,73.71541667,53.62625,64.78041667,153.3283333,120.2304167,27.6,29.8,73.98,11.6,14.1,30
,25/12/2021,1064.916667,18.84666667,26.32958333,17.49958333,42.83041667,28.18666667,27.7,29.7,72.6,0.24,27.1,56
,26/12/2021,699.8379167,17.01833333,49.47833333,13.2975,25.24166667,17.17583333,26.9,28.3,72.77,2.99,26.9,58
,27/12/2021,914.2945833,24.68291667,41.645,19.99708333,29.86291667,21.74291667,26.4,27.1,76.28,0.02,22.7,35
,28/12/2021,1264.771667,29.04958333,20.61,22.44208333,48.99125,34.81666667,26.8,27.6,70.26,0.01,22.6,66
,29/12/2021,1207.193333,27.015,33.76416667,21.44458333,50.5875,35.16541667,26.9,27.7,68.29,0,26.5,187
,30/12/2021,1365.880833,27.72875,29.24416667,25.65125,57.82791667,39.44916667,26.9,27.6,65.95,0,30,348
,31/12/2021,1118.044167,26.96208333,39.75791667,21.98166667,47.66291667,32.84541667,26.6,27,63.68,0,27.7,572
,1/1/2022,1135.428333,24.84833333,44.13166667,18.42083333,55.63333333,41.02916667,26.7,27.2,65.31,0,22.5,843
,2/1/2022,1213.72875,26.29,31.9525,23.24416667,52.70291667,36.6625,26.2,26.6,63.77,0,20.9,974
,3/1/2022,982.3058333,23.22583333,41.10541667,19.35166667,47.06958333,29.20583333,26.6,27,63.49,0,28.1,714
,4/1/2022,1077.015417,23.6775,44.12166667,22.48125,51.21375,32.51666667,26.7,27.2,66.44,0,28.9,812
,5/1/2022,1267.274167,24.13291667,40.78916667,24.38833333,60.2125,37.95125,26.5,27.3,68.52,0,19.8,1415
,6/1/2022,960.4695833,28.58958333,49.71291667,25.77958333,43.78041667,24.98,26.3,27.1,72.03,0,20,1938
,7/1/2022,1255.87,30.58916667,34.61958333,25.74958333,52.9525,33.80083333,26.7,27.6,67.79,0,23,2263
,8/1/2022,1869.200417,33.55166667,31.7975,32.79291667,78.05333333,57.66208333,27,28.7,72.02,0.66,18.6,2412
,9/1/2022,1951.535833,30.635,81.85541667,44.54458333,106.26,80.54916667,27.3,28.9,75.07,0,22.7,2330
,10/1/2022,2033.870417,36.02208333,104.4845833,47.79291667,149.5029167,117.9570833,27.3,29.1,75.9,0,16.6,2616
,11/1/2022,1361.847083,44.8925,52.06,31.90708333,75.80416667,59.77458333,27.5,28.5,68.7,0.1,21.9,2210
,12/1/2022,1374.642083,27.04625,38.5575,24.86083333,69.43958333,51.91041667,25.9,26.5,70.7,0.11,50,2159
,13/01/2022,1167.694583,29.21,43.61166667,22.62458333,51.93583333,36.79791667,26,26.6,71.6,0.1,16.8,1983
,14/01/2022,1019.994583,25.40875,51.7425,20.6675,43.45125,29.3225,25.3,25.6,70.4,0.2,23.4,2056
,15/01/2022,728.0704167,14.98541667,53.39416667,12.25833333,34.14375,20.74,25.2,25.5,64.8,0.2,20.5,1743
,16/01/2022,771.7408333,17.66208333,52.01541667,13.00041667,37.545,22.1825,25.7,26.3,67.2,0.1,35.8,1476
,17/01/2022,1056.015417,26.71166667,41.12291667,19.94375,52.89083333,31.99333333,25.1,25.3,66.9,0,30.8,1232
,18/01/2022,1398.840833,33.43708333,27.40166667,26.50416667,60.65333333,40.50791667,24.5,24.7,66.3,0,19.5,969
,19/01/2022,1403.849583,40.74166667,31.71666667,33.95,62.92208333,43.19041667,25.4,25.8,72.4,0,16.7,669
,20/01/2022,1201.35125,25.83625,34.125,23.29041667,51.12916667,35.14291667,26.2,26.8,73.5,0.3,23.3,764
,21/01/2022,968.8145833,26.08333333,40.65,23.585,36.37458333,24.4025,26.4,27.3,76.6,6.74,19.8,640
,22/01/2022,1127.639583,21.80666667,44.68333333,20.63833333,47.98833333,34.12583333,27.6,29.3,70.4,0.5,20.1,585
,23/01/2022,1406.35,22.67666667,0.788888889,19.20555556,61.84222222,43.84111111,26.9,28.3,77.3,0,22.5,499
,24/01/2022,1449.521333,34.056,83.58866667,36.04866667,70.55066667,49.32133333,26.4,27.7,76.8,2.8,24.8,362
,25/01/2022,1188.2775,25.04708333,22.82333333,22.61041667,55.51916667,33.92916667,26.5,27.6,70.3,0,20.5,336
,26/01/2022,963.2516667,25.01166667,21.35541667,21.31833333,34.1725,22.18291667,25.5,26.2,80.4,3.57,19.5,259
,27/01/2022,1092.175833,24.6875,20.17833333,27.2675,39.31708333,26.61791667,27.2,29.7,80,24,18.4,282
,28/01/2022,843.2266667,25.88916667,21.55625,28.4225,34.6225,21.0625,27.7,29.9,75.7,0.4,25.5,263
,29/01/2022,1326.241667,21.0425,62.11458333,28.89333333,79.43666667,56.45791667,26.9,28.7,78.9,0.3,31.2,477
,30/01/2022,786.4833333,15.4025,36.4025,14.5925,28.06416667,21.65041667,26.2,27.8,85.1,3.2,35.6,269
,31/01/2022,1210.2525,23.72625,45.15,25.76458333,56.3875,41.60583333,27.4,28.9,72.6,0.1,23.6,851
,1/2/2022,1048.365833,27.215,45.93166667,26.01791667,49.185,34.57541667,27.3,28.4,69.2,0,22.3,208
,2/2/2022,1208.027083,26.31875,34.50541667,27.05083333,56.26833333,36.87958333,27.2,28.3,66.6,0,29.7,308
,3/2/2022,1305.660417,33.4875,35.29458333,25.97791667,55.85416667,35.56,27.2,29,72.8,0,17,132
,4/2/2022,1570.18375,28.99208333,31.49,33.49291667,81.23541667,51.11833333,27.6,28.8,66.6,0,20.6,213
,5/2/2022,1010.25875,21.78791667,37.51625,17.12458333,48.59083333,32.58375,27.3,28.1,65.1,0,25.2,124
,6/2/2022,835.9954167,20.73208333,51.17458333,18.67041667,38.90875,28.59375,27.2,28.2,66,0.2,57,179
,7/2/2022,806.0925,22.77,56.41875,19.2075,33.95541667,24.1925,27.2,28.6,74.7,0.91,19.6,118
,8/2/2022,1028.895833,27.46125,30.48708333,23.60791667,46.9725,31.37625,27.9,30.2,73.4,0.3,16.9,96
,9/2/2022,943.6404167,22.03125,38.43083333,19.93166667,44.79708333,27.80166667,28.2,29.8,66,0,21.2,72
,10/2/2022,1051.426667,22.7225,40.11916667,20.84166667,50.12666667,31.67958333,27.8,29.1,66.2,0,23.8,84
,11/2/2022,1057.545833,22.91166667,34.75416667,22.18833333,45.23916667,29.4075,27.5,28.6,69.1,0.1,25,101
,12/2/2022,691.355,18.50041667,37.71625,15.00791667,27.17083333,15.59916667,27.6,29.2,69.3,0,16.7,79
,13/02/2022,847.5379167,22.45916667,30.96916667,19.78875,29.84458333,20.70833333,27.9,30.2,72.3,0.7,19.3,88
,14/02/2022,1371.30375,33.48666667,52.07083333,36.00041667,62.28416667,44.21666667,27.7,30.2,75.5,1.1,23.6,75
,15/02/2022,1348.77375,24.96875,40.12458333,29.69833333,63.88,41.89458333,27.8,29.9,74.7,0.8,23.4,56
,16/02/2022,1468.1025,38.06458333,32.00958333,32.53375,58.73833333,40.50666667,27.7,29.6,70.7,0.1,17.1,46
,17/02/2022,1134.8725,27.68833333,35.42041667,23.12125,43.26666667,29.52583333,27.2,29.1,75.7,2.9,27.2,78
,18/02/2022,1338.482083,28.69541667,33.09125,27.99416667,54.98541667,38.07583333,27.8,30,72.5,0,18.6,66
,19/02/2022,1212.755417,26.28958333,28.99416667,27.15875,53.34083333,36.14,28.4,31.1,70.1,0.4,18.2,75
,20/02/2022,1578.437778,25.66666667,0.125555556,23.55111111,77.01888889,51.45222222,28.5,30.9,66.6,0,24.6,105
,21/02/2022,624.8486667,17.26266667,62.53666667,16.70466667,19.86466667,11.59533333,28,30.1,70,0,21.6,55
,22/02/2022,756.8591667,23.82083333,49.38166667,22.99708333,25.75,15.23375,26.5,27.8,82.4,15.59,18,32
,23/02/2022,1068.393333,27.63666667,33.41291667,23.38916667,44.5575,29.005,27.4,28.9,72.5,0,23.7,57
,24/02/2022,1366.157917,29.11416667,33.77333333,33.23958333,62.10083333,41.47625,28,29.7,68.2,0.1,29.2,55
,25/02/2022,990.0933333,22.48083333,39.32333333,19.8675,40.78916667,26.94708333,28.2,29.8,65.4,0.1,25.2,62
,26/02/2022,515.83875,12.64125,63.82083333,11.6375,18.30333333,11.09916667,27.6,28.9,69,0.32,22.4,53
,27/02/2022,783.4241667,20.36125,44.92916667,15.56208333,29.86333333,19.75041667,27.5,28.9,66.3,0,25.6,47
,28/02/2022,876.605,20.52541667,42.23666667,18.4125,38.79208333,25.01041667,28.3,29.8,63.9,0,26,78
,1/3/2022,1082.85625,21.575,35.37,22.09625,52.11625,29.27708333,28.2,29.4,61.7,0,23.7,45
,2/3/2022,972.7079167,21.76291667,28.3575,19.3325,45.39166667,25.4475,28.2,30.2,66.3,0,23.7,25
,3/3/2022,936.5491667,21.0575,48.76958333,21.53708333,43.2325,25.49666667,28.4,30.7,68.8,0,26.6,45
,4/3/2022,733.4958333,20.20583333,62.94625,18.12166667,45.60166667,25.48875,28.2,30.6,69.9,0,27.2,39
,5/3/2022,661.5916667,16.78541667,60.68083333,15.86833333,42.30291667,22.29791667,28.6,30.8,66.4,0,16.8,48
,6/3/2022,666.18125,16.635,69.61958333,17.97041667,46.6275,27.92125,28.4,30.4,66.6,0,29,55
