date,co,no2,o3,so2,pm10,pm2.5,temp,feelslike,humidity,precip,windspeed,cases
25/11/2020,1712.903913,35.89304348,39.35782609,28.20086957,76.78130435,56.88695652,27.8,29.1,63.8,0.07,18.6,45
26/11/2020,1110.95125,30.00666667,42.79041667,24.21958333,45.55625,33.55916667,28.3,30.1,64.6,0.11,23.1,45
27/11/2020,2165.15875,33.7025,4.109583333,43.92958333,78.91291667,60.33291667,27,29.7,84.5,1.35,18.8,67
28/11/2020,1364.35125,28.64666667,16.51916667,26.23125,50.93541667,38.60875,28,31,79.4,0.18,18.9,43
29/11/2020,1280.62625,28.96041667,14.34166667,22.26166667,50.40541667,38.26708333,26.3,27.6,86.1,3.76,16.2,50
30/11/2020,1398.425,34.32916667,41.04083333,23.47416667,56.79958333,42.25375,27.3,28.9,74.8,9.03,23.9,47
1/12/2020,1103.9975,36.09375,33.44875,26.24666667,45.40416667,30.46416667,28,29.5,63.5,0.2,20.5,59
2/12/2020,4096.945,54.70833333,17.165,51.48875,197.2845833,161.7258333,27.7,30.3,75,0,18.2,63
3/12/2020,1823.583333,45.04041667,8.242916667,37.41333333,73.74916667,54.86875,27.9,31.7,81.9,0,17.6,34
4/12/2020,4056.057083,71.71541667,1.41625,66.67833333,162.1620833,129.9916667,27.4,30.1,79.5,0.19,14,26
5/12/2020,2661.38625,66.77416667,31.71708333,50.42583333,123.69125,98.53083333,27.8,31.2,82.3,8.15,13.8,47
6/12/2020,2040.822917,38.54291667,10.29791667,38.04791667,78.48708333,58.11458333,27.9,31.4,80.7,2.12,21.5,52
7/12/2020,2415.22,31.91625,0.379583333,52.32416667,88.67583333,68.79625,26.7,29.2,87.5,1.53,20.2,38
8/12/2020,1032.789167,19.79291667,9.195,23.27166667,38.99708333,25.75125,28,30.9,80.8,6.35,27.9,40
9/12/2020,2645.81125,40.95625,19.77083333,43.50166667,102.6141667,79.04583333,27.4,30.3,82.2,15.83,16.1,39
10/12/2020,1974.900833,29.69583333,2.673333333,39.90583333,78.21041667,56.33291667,26.1,27.3,89.3,8.49,15.1,67
11/12/2020,1905.639583,35.64375,31.31916667,47.78333333,85.87125,60.57375,28.3,31.8,79.7,0,18,32
12/12/2020,2386.015,58.10666667,71.18625,50.36541667,144.2891667,117.1025,28.5,32.3,77.7,0.2,14.7,46
13/12/2020,2211.333333,50.7875,6.999166667,55.125,89.76583333,66.10041667,28.6,32.9,77,1.67,12.5,42
14/12/2020,2521.753333,56.33625,71.12,48.72791667,136.2183333,108.3770833,28.6,31.9,73.8,0,13.9,53
15/12/2020,1760.444167,31.29958333,15.39333333,28.11916667,70.72541667,51.88208333,28.3,31,73.5,0.2,22.2,19
16/12/2020,1416.922917,28.64875,30.65791667,23.34041667,65.77666667,48.60833333,28.4,30.7,69.1,0,20.8,41
17/12/2020,1319.011667,28.33291667,26.22958333,23.33125,53.26833333,40.40083333,26.7,28.3,79.7,1.03,37.5,29
18/12/2020,709.0175,20.35,40.01666667,15.33916667,23.98375,17.64208333,26.6,27.8,82.2,2.39,17.2,75
19/12/2020,1021.1075,27.44,19.61166667,18.45875,30.97458333,23.59833333,25.3,25.6,89.2,20.9,18.5,46
20/12/2020,876.05,23.0375,22.15666667,17.19625,26.26541667,18.80208333,26.4,28.3,85.5,9.4,20.8,32
21/12/2020,1776.854167,32.92333333,12.54666667,32.06833333,73.70708333,53.575,27,29.4,81.2,0.65,13.3,80
22/12/2020,1366.854583,30.71,18.18041667,33.3,55.38125,37.00583333,26.7,28.3,77.5,0.63,15.7,41
23/12/2020,1627.20625,24.28,25.38916667,36.42875,71.29125,50.1675,27.9,30.3,74.2,0,20,68
24/12/2020,3347.318333,80.005,101.0783333,72.25166667,246.00625,205.8304167,27.7,29.9,72.4,0.1,14.6,45
25/12/2020,2080.04375,30.49541667,33.76708333,30.29416667,84.78833333,63.87541667,27.4,29.3,71.8,0,15.9,55
26/12/2020,1019.855833,24.53041667,23.90458333,18.67166667,35.24208333,25.78208333,27,28.8,79.4,7.3,16.1,25
27/12/2020,1516.779583,32.33083333,6.548333333,29.78166667,59.72583333,48.73875,24.7,24.7,89.8,32.1,18.2,35
28/12/2020,2131.779583,43.80416667,4.268333333,51.47875,111.7458333,86.74375,27.2,29.8,79.2,0,15,30
29/12/2020,2204.100833,44.48291667,63.55333333,46.70166667,123.5141667,100.1391667,28.2,31.4,77.1,4.49,19.6,35
30/12/2020,1648.9025,30.28083333,64.44375,34.57125,82.82,64.48958333,27.7,30.6,81.1,13.75,15,40
31/12/2020,654.6383333,19.06166667,48.87583333,15.19,20.86875,14.50541667,27.3,28.5,64.1,13.98,24.3,66
1/1/2021,1185.219583,29.9525,33.25916667,21.10625,44.58875,31.38625,26.3,27,67.8,0.07,19.1,67
2/1/2021,709.2945833,21.94916667,36.57125,15.74333333,25.07791667,17.23875,26.6,27.8,70.7,0.1,19,28
3/1/2021,1288.97,31.79625,14.53,23.32625,47.9875,35.4325,25.4,25.6,85.6,33.74,18.3,42
4/1/2021,1597.58375,27.67541667,20.53583333,25.63083333,65.09208333,47.72583333,27.3,29.5,79.6,0.8,25,31
5/1/2021,2396.026667,33.38833333,27.95083333,45.6875,102.8716667,78.58791667,26.7,28.5,80.3,0.91,19.1,24
6/1/2021,1994.232917,27.71,23.42208333,30.04791667,85.74041667,64.6925,27.6,29.4,72.5,0,20.1,40
7/1/2021,1982.689167,34.70875,25.90375,37.55541667,85.4925,63.42333333,26.7,28.2,77.4,0.05,15.4,40
8/1/2021,1415.531667,29.27458333,40.48875,30.27875,54.26291667,41.7825,26.9,28.3,75.4,0.2,16.4,59
9/1/2021,981.0541667,28.15291667,33.43375,21.44833333,36.90875,27.63,26.7,27.4,67.2,0,21.4,66
10/1/2021,854.91,25.57625,46.83125,20.0075,37.65041667,26.21541667,26.2,26.6,65,0,25.7,60
11/1/2021,1016.79625,28.685,44.38,21.98958333,44.94666667,32.17875,25.7,26.1,68,0,28.5,70
12/1/2021,2441.645,40.18583333,27.205,46.32833333,115.89375,90.56041667,25.9,26.2,64,0,21.8,51
13/01/2021,2174.3375,41.21958333,19.63125,37.05375,103.7541667,79.1475,25.7,26.3,72.2,0,17.1,57
14/01/2021,2311.468333,60.33458333,16.25583333,51.39958333,117.0316667,90.96083333,26.7,27.9,73.7,0,15.4,52
15/01/2021,1123.745833,32.70208333,29.17458333,23.1525,55.72916667,36.82666667,27.2,28.7,74.2,0,17.8,81
16/01/2021,897.3291667,24.96208333,39.40375,19.15791667,40.7325,27.82833333,27,28.2,71.5,0,15.8,66
17/01/2021,641.56375,17.55083333,46.64083333,15.66666667,21.40458333,14.86125,27,27.8,69.4,0.29,17.5,41
18/01/2021,637.3933333,18.81375,47.38583333,15.83541667,22.51166667,15.3275,26.8,27.9,71.2,0.03,19.8,53
19/01/2021,944.615,29.78125,29.01958333,22.44666667,30.64041667,23.29541667,26.5,27.5,76.2,0.04,14.6,46
20/01/2021,2318.700833,40.94208333,8.277083333,36.74583333,95.76791667,77.04708333,25.8,26.3,86.1,44.16,19,47
21/01/2021,1819.135,30.29666667,1.254166667,46.62,83.74458333,65.67458333,27.2,30.1,83.4,17.74,16.7,80
22/01/2021,1245.0225,34.32208333,31.64125,32.90208333,56.21583333,44.64916667,27.7,30.8,80.5,4.09,15.8,62
23/01/2021,2270.579167,25.11833333,19.02291667,25.09875,98.21208333,83.76083333,27,29.4,81.9,5.72,20.2,50
24/01/2021,2528.43,41.07041667,17.89291667,51.95583333,133.42,106.7454167,27.8,30.6,79.4,15.4,16.4,66
25/01/2021,3093.640417,64.59708333,36.59625,60.55833333,148.6770833,117.265,27.6,30.3,79.2,0.67,23.9,35
26/01/2021,3836.31375,99.16291667,35.81416667,74.44583333,202.21625,165.92125,27,29.2,79.8,1,19.3,20
27/01/2021,1468.66,31.19,0.55,38.15,57.45,41.88,26.5,27.5,83.3,17.11,18,51
28/01/2021,1594.046087,42.90869565,62.47652174,35.77347826,77.10869565,58.75347826,26.5,27.6,79.2,0.92,19.6,40
29/01/2021,1556.555,32.7625,30.97208333,30.96833333,67.5775,50.55333333,26.4,26.9,63.6,0,26.4,73
30/01/2021,765.0658333,19.02875,55.10166667,14.16833333,36.54875,23.51583333,26,26.4,63.9,0,29,59
31/01/2021,1471.023333,29.97833333,31.99125,30.165,61.34,45.25875,25.5,25.8,65.1,0,25.8,42
1/2/2021,1987.835,27.425,31.67416667,28.93958333,95.82541667,70.92958333,26,26.7,69.9,0.03,23.5,51
2/2/2021,1660.585417,41.78458333,50.65333333,39.57833333,85.75125,63.40625,26.6,27.6,68.9,0,16.7,65
3/2/2021,1721.50125,32.27666667,33.24208333,35.66333333,73.14166667,55.04625,27.1,28.3,67.4,0,24.6,34
4/2/2021,1275.340417,30.56791667,37.83166667,24.68208333,60.03,44.03583333,27.3,28.3,65.1,0,26.9,22
5/2/2021,1503.566667,32.145,33.45166667,28.67541667,70.72875,51.95958333,27.5,28.7,67.8,0,23.6,74
6/2/2021,1389.107083,31.81708333,30.77583333,32.64291667,59.94375,42.88416667,27.6,29.2,70.8,0,18.7,54
7/2/2021,1977.822083,30.98541667,24.63583333,39.72291667,84.39666667,63.63208333,27.8,29.5,71.3,0,23.2,54
8/2/2021,1508.1575,29.57375,15.93583333,27.45791667,61.97083333,45.49958333,27.7,29.1,66.7,0,23.5,50
9/2/2021,1010.53875,29.52458333,31.05458333,23.15291667,39.48083333,28.43333333,26,26.5,79.2,11,21.4,48
10/2/2021,2182.683333,31.44916667,24.71541667,46.15,97.2575,73.95125,26.7,28,78.1,0.8,27.7,34
11/2/2021,1968.78125,48.32875,69.65791667,37.3925,122.0808333,100.85625,26.7,28.8,82.4,1.3,22.2,52
12/2/2021,1431.665,42.29791667,56.58708333,30.26958333,72.79875,57.31666667,27.3,29.4,77.6,0.4,46.4,81
13/02/2021,2056.400833,46.6675,24.2375,36.975,102.7245833,82.06291667,26,26.5,80,3.07,46.4,71
14/02/2021,2320.925,48.0175,43.64833333,47.37625,137.6804167,108.9291667,26.8,28.1,78.1,0,22.2,59
15/02/2021,1543.203333,39.79916667,12.63333333,39.89458333,71.45416667,49.72666667,26.8,28.2,77.2,0.26,21.8,64
16/02/2021,1779.35875,36.42166667,35.94416667,38.91208333,81.45625,57.475,27.1,28.3,68.9,0.03,22.4,33
17/02/2021,2040.544583,41.07083333,66.05958333,50.26708333,110.5283333,82.77125,26.8,27.9,69.5,0.01,21.7,55
18/02/2021,1339.87375,25.95125,61.91,26.17583333,59.3575,45.20666667,26.8,27.4,65.1,0,22,82
19/02/2021,639.2020833,17.51583333,67.0125,16.48125,30.40625,19.15708333,25.8,26,61.2,0,27.8,77
20/02/2021,1411.36,36.83041667,34.16958333,28.27791667,67.06541667,44.9775,25.4,25.6,60.4,0,31.8,95
21/02/2021,789.9616667,26.20916667,56.45416667,21.945,33.53708333,20.64416667,25.1,25.7,69.7,0.01,23.9,92
22/02/2021,1106.223333,33.66625,37.9225,24.57666667,35.67875,26.49291667,25.3,25.5,81.9,0.43,20,114
23/02/2021,2961.794583,48.58166667,15.12458333,54.37916667,135.6841667,109.0470833,27.3,29.7,80.1,1.07,22.4,62
24/02/2021,1714.548333,29.00375,38.86708333,38.60416667,82.83875,59.86625,28.2,31.2,77.3,0,17.3,68
25/02/2021,1379.37,26.78291667,52.39583333,35.72291667,70.26041667,46.975,28.8,31.2,66.9,0,20.8,131
26/02/2021,1648.3475,31.6825,106.7929167,45.97583333,116.115,87.26,28.3,30.4,68.6,0,16.7,117
27/02/2021,1360.734583,25.55875,77.50458333,39.19041667,79.10125,58.36208333,28.6,31.9,74.1,0,21.3,114
28/02/2021,1200.517917,22.66416667,47.78875,29.74333333,55.295,39.70041667,28.1,31,73.1,4.18,19.7,114
1/3/2021,2676.4075,52.86,66.41041667,56.19791667,142.5316667,116.6341667,28.4,31.4,72.2,0.74,20.7,168
2/3/2021,1756.270417,35.30875,96.43625,40.29333333,107.9270833,83.50208333,27.9,30.4,74.9,3.88,17.5,93
3/3/2021,887.0370833,19.47791667,37.14583333,18.6775,36.46708333,24.24333333,28.2,30.9,70.2,0,22.9,85
4/3/2021,1275.34125,23.17791667,41.02875,22.21333333,60.11458333,40.48875,27.9,30.2,70.4,0,25.3,151
5/3/2021,910.12375,21.50625,51.88833333,19.11833333,38.87791667,23.90416667,28.4,30.5,68,0,22.5,151
6/3/2021,845.59125,18.3575,49.34958333,16.08375,38.68708333,23.72625,28.5,30.1,64.8,0,25.3,240
7/3/2021,1170.755,25.49833333,36.88916667,18.61666667,54.87666667,37.18083333,27.8,29.3,65.5,0,19.1,215
8/3/2021,1454.75125,25.46666667,37.60875,23.73916667,65.56791667,46.43833333,27.7,29.2,67.2,0,17.7,224
9/3/2021,1092.594167,25.46291667,28.97083333,21.22,45.80708333,29.60083333,27.4,28.9,69.1,0.1,22.4,173
10/3/2021,1140.157917,22.69875,39.09958333,19.28,50.15,33.74875,27.8,28.7,63.5,0,26.1,243
11/3/2021,744.06625,18.26875,35.40583333,15.15625,33.50041667,18.01458333,27.7,28.7,63.6,0,29.2,313
12/3/2021,743.92625,20.72375,28.71125,15.79041667,25.21708333,16.7225,26.9,28.4,72.8,0.3,111.5,279
13/03/2021,886.2020833,24.35958333,36.1425,18.30416667,30.60083333,21.66333333,26.4,27.5,77.4,2.18,13.3,345
14/03/2021,1037.519167,24.82958333,41.70416667,18.01166667,42.76,30.85875,27,28.6,74.2,0.07,16.1,335
15/03/2021,1767.952083,39.19208333,20.22458333,35.24166667,72.56916667,56.45333333,27.1,29.1,80.5,0.16,15.8,362
16/03/2021,2044.44,40.99208333,42.05291667,46.6025,111.99125,88.5175,27.5,30,82.4,1.14,20.1,384
17/03/2021,3111.997917,83.82583333,99.66833333,71.03041667,212.6416667,183.2941667,29,33.1,75.6,6.39,23.6,380
18/03/2021,1957.378333,26.25166667,90.80083333,42.32958333,117.6154167,90.44916667,29.4,33.9,75,0.15,19,503
19/03/2021,2132.337083,27.87583333,62.725,43.77,107.1079167,80.20333333,29.8,34.3,70.1,0,17.2,622
20/03/2021,1237.234583,29.89583333,25.35125,29.305,46.92375,32.14791667,29.1,33,72.8,1.8,19.8,688
21/03/2021,1431.38625,24.34833333,25.61208333,28.07458333,55.61041667,39.0925,29,32.8,71.9,18.77,20.3,649
22/03/2021,958.80125,22.70666667,32.93458333,18.78583333,33.89083333,23.35,29.1,32.3,70.1,0.29,23.7,577
23/03/2021,786.4833333,18.82208333,52.96708333,15.77666667,35.41041667,25.93041667,28.9,31.1,62.5,0.09,25,500
24/03/2021,1187.722917,29.01083333,38.19541667,27.36333333,51.39541667,33.52041667,28.1,30.6,70.7,0,20.3,589
25/03/2021,1280.070417,25.51875,54.05041667,29.35583333,61.88416667,41.29708333,29.1,31.8,67.5,0,20.4,837
26/03/2021,1166.58375,21.17458333,40.01916667,20.72791667,50.38041667,35.00666667,29.2,32,65.9,0,25.7,818
27/03/2021,993.2925,19.53875,24.94958333,20.03291667,39.51875,26.61583333,29.3,32.4,68.3,0,17.5,814
28/03/2021,970.2045833,23.91291667,39.92083333,29.25541667,45.51708333,29.315,29.7,33.1,66.9,0,14.7,839
29/03/2021,873.12875,21.585,25.47583333,25.98708333,40.5725,24.33916667,29.8,33.5,66.5,0,16.9,772
30/03/2021,1105.387917,23.69583333,34.22791667,31.81916667,54.35208333,34.58375,30,33.2,63.7,0,14.6,756
31/03/2021,1241.544583,22.39791667,26.82166667,31.02041667,55.74708333,36.48958333,29.7,33.6,68.1,0,18.2,413
1/4/2021,967.2841667,19.63625,35.01166667,23.88166667,45.6625,27.44125,29.6,32.5,66.6,0,20.4,786
2/4/2021,814.16,20.3675,38.1825,21.5625,35.83166667,19.81791667,29.2,31,61,0,18.3,1177
3/4/2021,820.28,18.88291667,51.00583333,22.86875,37.45791667,22.14708333,29.5,32.1,62,0,16.5,908
4/4/2021,1189.807917,20.875,49.37166667,30.09583333,54.46416667,37.86125,29,32,67.4,0,22.5,676
5/4/2021,846.42625,20.05375,60.61375,21.835,34.11958333,23.45625,29.1,32.2,68.8,0.27,20.4,435
6/4/2021,880.36125,23.28083333,76.02666667,18.6775,47.99916667,30.53333333,29.5,33.2,69,0,25.9,634
7/4/2021,702.2025,20.98583333,85.01208333,19.88791667,32.68625,19.44458333,28.4,31.2,71.2,0,18.4,477
8/4/2021,788.0133333,24.16375,72.88875,22.625,38.49708333,21.515,28.8,31.4,67.8,0,20.2,707
9/4/2021,771.3241667,21.93458333,78.0375,20.28166667,36.98458333,23.75458333,28.4,31.5,70.5,0,14.7,740
10/4/2021,763.535,20.2,52.92375,15.20208333,32.7975,21.625,28.9,31.5,67.8,0,18.4,851
11/4/2021,938.21875,22.66583333,49.3375,21.37083333,41.64916667,28.00333333,28.9,31.3,66,0,17.3,726
12/4/2021,1368.245833,32.33041667,38.68375,36.69666667,62.04541667,42.58625,28.7,31.7,69.2,0,14.7,671
13/04/2021,2166.55,59.8925,50.55458333,47.52333333,105.1891667,79.65375,28.8,32.8,75.4,0.31,16.8,597
14/04/2021,1705.64625,41.485,22.72208333,40.02416667,73.31208333,51.5125,29.7,34.4,73,0.1,13.6,414
15/04/2021,1421.92875,23.11875,28.77,37.015,66.215,43.765,28.7,32.7,76.3,0,18.6,641
16/04/2021,1115.95875,24.56166667,28.18208333,28.36208333,50.31208333,32.76041667,29.5,33.4,71,0,16.5,693
17/04/2021,1164.634583,24.22583333,23.27375,29.87291667,50.88708333,32.72291667,29,32.5,70.6,0,18.1,607
18/04/2021,912.90625,28.25375,28.25666667,24.09583333,36.30458333,24.91541667,29.2,33,71.5,0,18.8,519
19/04/2021,954.3504167,27.96791667,35.71416667,21.55708333,43.47583333,32.17041667,29.6,33.7,67.7,0.07,28.8,458
20/04/2021,623.6233333,18.64041667,66.75791667,15.57541667,40.41583333,24.07416667,28.6,32.9,76.7,6.71,29.2,300
21/04/2021,446.1620833,15.25166667,60.99041667,11.87625,23.72708333,12.75916667,29,34.1,78.7,0.03,27.2,454
22/04/2021,1061.996667,26.8725,52.83875,20.91208333,55.74458333,39.41041667,29.2,34.2,78.1,0.35,27.3,413
23/04/2021,629.4675,19.215,85.265,17.52458333,48.16625,30.29666667,29.2,33.3,72.5,0,29.1,394
24/04/2021,643.2341667,17.46958333,91.25791667,17.84708333,69.71083333,50.66958333,28.6,32,72.8,0,25.5,396
25/04/2021,801.3654167,22.48416667,85.2875,23.56458333,56.30375,42.58791667,28.8,32.2,72.7,0,23.7,330
26/04/2021,718.1970833,25.09916667,47.98666667,23.41416667,28.41333333,17.33166667,27.6,30,73.3,8.34,22.2,335
27/04/2021,878.55375,27.04375,43.09041667,24.51791667,37.565,22.3725,28.1,30.5,68.9,0.18,21.8,289
28/04/2021,922.0841667,27.74708333,67.35541667,28.21291667,41.67083333,24.55541667,28.6,31,68,0,21.3,230
29/04/2021,1214.14625,32.82041667,78.58416667,28.65,76.72958333,58.26583333,28.6,31.7,73,0,25.5,322
30/04/2021,1000.524167,26.62583333,139.6404167,41.48041667,83.98166667,67.00541667,29.7,34.2,73.6,0,22,294
1/5/2021,818.3329167,18.16166667,69.06833333,24.68125,36.69416667,24.66666667,30.3,34,65.9,0,16.8,304
2/5/2021,855.1879167,15.9275,53.15833333,19.92333333,35.22375,23.17916667,30,33.2,64.2,0,20,262
3/5/2021,705.54125,16.1825,33.13125,15.46375,26.03,15.55125,30,33.2,62.3,0.66,24,204
4/5/2021,699.0058333,14.46,19.57041667,15.18958333,24.94708333,15.495,30.3,34.4,65.4,0.36,28.9,179
5/5/2021,854.9104167,15.14083333,9.909166667,19.85416667,32.65333333,21.52458333,30.8,34.7,64.1,0,25,199
6/5/2021,996.0741667,15.1625,13.55583333,20.05833333,40.43791667,27.35708333,30.7,34.1,62.2,0,24.1,216
7/5/2021,955.0454167,20.13875,14.81041667,20.02333333,38.45041667,25.29166667,30.1,34.4,67.8,2.7,20.6,268
8/5/2021,702.6208333,18.53708333,24.82625,20.71833333,27.9775,16.95291667,30.1,34.7,69.5,2.7,25.2,134
9/5/2021,494.56125,15.56541667,32.00375,18.86166667,19.74958333,11.74,30.7,35.8,68.7,16.28,20.2,217
10/5/2021,524.1841667,19.28625,12.50375,21.32583333,17.62,9.562083333,30,35,71.8,0,24.6,171
11/5/2021,511.9458333,18.95125,14.95958333,22.09416667,16.09083333,8.453333333,30.3,35.7,72.1,0.01,19.6,131
12/5/2021,510.4154167,15.9025,27.21375,18.77125,18.29708333,10.40666667,31.1,36,66.1,0,20.3,114
13/05/2021,593.0275,15.43083333,31.75875,15.88333333,26.38375,13.55708333,30.5,34.7,66.7,0,22.2,163
14/05/2021,501.23625,15.04375,32.78875,15.08458333,17.71541667,10.19,30.4,34,62.9,0,22.1,180
15/05/2021,431.14125,13.3825,26.62583333,13.045,16.57375,9.801666667,30.7,35.7,67.9,0.01,41.5,183
16/05/2021,601.51,12.47708333,28.44666667,14.74791667,25.06208333,15.65125,30.7,35.5,67.4,0.01,22.1,135
17/05/2021,565.3504167,15.60208333,36.35458333,17.61333333,22.67,13.46125,31,35.5,64.5,0,23.5,133
18/05/2021,417.37125,14.97666667,13.86208333,16.07958333,11.85875,5.849583333,30.3,35.4,70.4,0.02,20.3,113
19/05/2021,464.93625,16.93041667,22.65291667,18.5075,18.055,10.13208333,30.3,34.6,67.6,0.2,20.1,120
20/05/2021,601.78875,23.09083333,34.80333333,31.82916667,25.99958333,16.89833333,31.2,36.7,66.2,0,20.4,140
21/05/2021,633.36125,25.91875,77.2,37.96791667,36.03791667,27.32916667,30.1,35.9,73.5,0,18,162
22/05/2021,1382.153333,35.44041667,67.21583333,30.99958333,89.26833333,74.145,29.9,35.3,75.5,0,29.2,135
23/05/2021,1824.419583,36.6325,96.96333333,39.70708333,125.7629167,105.5375,30.3,35.8,72.7,0.07,22.8,55
24/05/2021,1263.658333,32.16666667,95.62875,39.53875,81.43708333,63.80875,29.5,33.1,70.4,0.91,30.1,107
25/05/2021,888.9833333,27.50416667,44.52083333,38.2475,47.9425,30.09083333,31,36.2,67.7,0,16.4,47
26/05/2021,897.05125,24.155,108.89125,41.7225,77.05416667,58.18791667,31,36.4,68.5,0,15.8,107
27/05/2021,920.69375,24.055,86.20666667,34.92875,50.42791667,34.89375,31.5,37.2,66.6,0,13,117
28/05/2021,1086.474167,34.16666667,88.23333333,40.07458333,64.39125,49.78,31.4,37.3,68,34.25,14.8,131
29/05/2021,742.11875,23.62291667,97.48791667,24.63708333,48.07958333,40.39333333,31.6,38.8,70.4,0.3,23.7,129
30/05/2021,1133.3425,32.15541667,77.4,27.87375,74.77541667,64.32541667,31.1,38.9,73.1,4.58,31,93
31/05/2021,2095.89875,57.44208333,86.825,48.01541667,157.1945833,135.6629167,31.3,38.6,72.5,7.5,26,101
1/6/2021,1349.608333,37.85666667,64.6225,41.33541667,98.58291667,82.72083333,31.4,37.7,70.5,1.14,17.5,61
2/6/2021,543.9320833,15.51291667,9.48375,15.5775,12.495,8.452083333,27.9,31.5,82.4,21.39,25.5,106
3/6/2021,426.5516667,9.276666667,12.865,7.511666667,7.769583333,5.448333333,28.3,31.9,82.7,13.28,24,92
4/6/2021,444.35375,11.51416667,17.8225,9.72875,10.52291667,6.700833333,28.6,33.3,81.9,0.05,27.1,105
5/6/2021,572.305,11.76041667,23.44875,10.6925,20.06541667,13.30208333,29.9,36.2,77.4,0,31.1,113
6/6/2021,475.6454167,12.5,12.49916667,11.02166667,12.15958333,8.578333333,29.3,34.8,77.8,0,20.6,123
7/6/2021,1050.869583,32.98083333,12.23583333,32.30208333,41.65708333,34.2575,28.5,33.1,82.9,0.03,21.1,82
8/6/2021,2303.95875,51.46708333,4.97375,50.25666667,126.3779167,109.6208333,28,32,82.6,8.8,26.6,84
9/6/2021,1052.817917,46.67458333,9.863333333,36.275,53.99666667,46.24416667,26.3,28.5,89.3,7.1,21.8,103
10/6/2021,1268.944167,50.5525,16.43,42.72708333,58.40333333,48.63,27.8,30.3,81.4,4.73,17.5,157
11/6/2021,2094.78625,48.8675,15.44166667,45.17125,99.70416667,85.72458333,27.8,31.7,85.2,0.31,15.4,86
12/6/2021,870.6254167,36.38708333,17.67208333,40.15291667,41.26333333,33.60166667,28.5,32.7,77.4,0.1,20,99
13/06/2021,808.59625,27.9325,28.50875,26.74291667,32.19291667,26.55541667,28.4,32.1,76.6,0,18.7,108
14/06/2021,698.72625,13.045,37.85833333,16.88708333,26.81666667,17.94375,28.7,33.1,77.6,1.91,27.1,111
15/06/2021,1048.505833,13.76125,21.9875,18.58708333,44.3175,31.82291667,29.5,34.9,76,0,27.3,86
16/06/2021,721.3966667,16.7375,27.00958333,16.75916667,27.76166667,18.24375,29.6,35.2,76.4,0,24.2,78
17/06/2021,875.9095833,16.205,36.41291667,17.19541667,39.97125,26.16333333,30.2,36.3,74,0,27.3,102
18/06/2021,522.3758333,14.94083333,44.83625,12.32583333,22.55,14.27791667,30.1,36.2,74.8,0,29.2,85
19/06/2021,393.72875,8.73,25.58166667,7.095833333,10.43791667,6.3575,30.3,36.9,74.1,0,31.2,93
20/06/2021,339.7670833,7.884166667,9.691666667,6.29375,6.213333333,3.795416667,29.5,35.1,77.3,2.37,31.2,80
21/06/2021,399.0154167,10.20083333,9.902083333,8.350416667,7.640833333,4.73875,27.6,31.1,83.1,23.41,27.3,58
22/06/2021,539.9004167,10.84125,7.3,12.5125,12.23375,8.302083333,28.4,32,77.2,3.29,29.2,49
23/06/2021,558.2575,13.01791667,7.95375,12.70208333,12.76208333,8.3475,28.3,32.1,78,7.65,27.2,57
24/06/2021,566.3254167,15.08166667,7.99,13.63,13.36166667,8.61875,28.6,32.5,77,0.41,19.5,104
25/06/2021,2718.965833,32.90916667,19.23708333,28.57,119.7766667,101.1541667,28.4,32.8,79.7,0.02,20.3,78
26/06/2021,1772.96,29.93916667,40.37291667,24.39833333,87.46208333,70.60458333,29.5,34.7,76.6,0.01,16.9,101
27/06/2021,2954.006667,66.03875,113.9770833,55.25416667,249.7783333,219.9141667,29.3,34.7,77.3,4.28,15.5,99
28/06/2021,1139.32375,27.04041667,108.3520833,32.85333333,92.35166667,81.86958333,28.8,34,80.9,4.53,22.9,102
29/06/2021,1167.137917,22.20666667,33.60416667,22.84416667,51.65791667,39.17583333,28.9,33,76.6,0,24,76
30/06/2021,1031.95625,20.84708333,41.37541667,23.38083333,44.41791667,32.18875,29.9,35.3,74.2,0.15,24.9,69
1/7/2021,2342.064167,50.85208333,32.01458333,37.90833333,130.1895833,108.21,29.5,34.4,74.6,4.72,24.3,76
2/7/2021,1846.948333,54.87333333,65.06125,44.66375,119.2108333,100.16,29,33,73.5,0.37,24.9,104
3/7/2021,1230.837917,33.95083333,9.01875,28.42208333,48.70833333,39.47,27.3,30.4,84.2,8.55,17,125
4/7/2021,904.56,23.25625,13.02208333,26.6725,38.87708333,29.22208333,27.7,31,83.5,41.36,15.8,104
5/7/2021,1239.459167,27.51791667,6.3475,28.63583333,50.70375,39.91083333,28.1,32.2,82.5,0.67,21.5,87
6/7/2021,1848.0625,46.675,16.3025,43.18458333,98.68708333,79.91708333,27.4,30.5,80.4,20.1,55.4,63
7/7/2021,1427.212917,20.70625,54.42291667,30.32916667,66.7475,48.25625,29.2,33,75.5,4.4,19.3,91
8/7/2021,1781.0275,31.57458333,56.94625,36.18083333,82.4375,61.64375,30,35,71,5.64,18.3,91
9/7/2021,1065.334583,20.58583333,11.09166667,24.4625,40.7475,27.13458333,29.7,34.8,71.8,12.91,17.5,75
10/7/2021,650.3266667,16.68708333,17.2225,17.7425,24.99916667,15.135,29.3,33.7,72.9,6.4,20.2,100
11/7/2021,922.91875,15.22416667,7.837916667,20.21125,34.65916667,23.11333333,29.7,34.8,74.3,2.1,20.1,80
12/7/2021,1876.155417,26.56958333,7.29375,42.2,73.14958333,52.46208333,30,35.7,73.5,14.24,16.1,81
13/07/2021,2002.43875,27.57625,1.139583333,47.92166667,97.21,71.4325,29.2,33.9,75.2,5.91,16.1,95
14/07/2021,3544.8075,50.61666667,2.050833333,65.92375,186.6254167,152.3725,28.7,33,77.5,23.76,17.6,89
15/07/2021,887.5929167,27.47541667,26.38333333,23.85291667,40.165,31.73416667,27.9,32.2,82.6,7.2,20.2,90
16/07/2021,676.1954167,20.88208333,33.77,17.01791667,24.87583333,19.12166667,28.4,32.3,81.1,3.37,26.6,114
17/07/2021,490.8045833,16.08083333,26.41333333,11.83166667,10.29625,7.22375,28.6,33.7,81.5,98.12,22.4,134
18/07/2021,405.4125,9.519166667,32.61208333,7.184166667,7.586666667,5.750833333,28.3,32.8,80.5,8.58,23.6,111
19/07/2021,403.6041667,8.012916667,21.50625,5.89625,7.50625,5.804583333,27.5,31.1,85.8,21.1,22.1,149
20/07/2021,436.0083333,8.8725,40.82958333,6.369166667,12.80208333,10.6625,27.2,30.6,88,50.35,34.9,141
21/07/2021,399.9875,8.601666667,40.85833333,5.874166667,12.13458333,9.843333333,26,26.9,92.4,120.36,32,149
22/07/2021,392.4766667,7.044166667,56.59625,4.624583333,11.20083333,9.40375,25.8,26.4,93.3,166.45,23.9,133
23/07/2021,377.8741667,6.035833333,41.64875,4.0675,9.517916667,7.905416667,26.9,28.9,88.4,137.08,29.9,125
24/07/2021,306.1108333,4.4925,22.93291667,3.260833333,6.405416667,5.10375,26,27.1,92.6,166.24,42.4,154
25/07/2021,307.50125,4.582916667,31.38333333,3.475833333,10.20583333,7.58375,26.5,28.5,90,76.32,31.6,124
26/07/2021,325.7191667,4.925833333,36.27,4.137916667,15.36041667,10.00666667,29.1,35.1,81.8,12.89,37.1,164
27/07/2021,355.4825,5.5875,34.14541667,4.368333333,15.16875,12.42,28.5,33.8,84.8,18.15,35.2,87
28/07/2021,347.4170833,6.5175,26.31583333,4.710416667,8.910833333,7.329583333,26.9,29.6,92,46.13,35.5,131
29/07/2021,391.5033333,8.24875,19.83416667,6.022916667,9.11625,7.218333333,27,30.2,90.9,38.53,27.8,151
30/07/2021,347.695,6.714166667,24.23625,5.132083333,8.175833333,6.0025,28.7,33.9,82.2,13.35,70.6,162
31/07/2021,302.3554167,5.01125,28.455,3.878333333,7.80625,5.882083333,28.7,34.2,82.1,5.35,49.8,227
1/8/2021,305.9720833,4.629583333,29.17708333,3.630833333,9.781666667,7.600833333,29.7,36,78.3,4.78,35.2,240
2/8/2021,340.7408333,5.431666667,36.94041667,4.273333333,11.12208333,8.79375,29.3,35.1,78.9,7.07,40,263
3/8/2021,339.90625,5.822916667,28.77416667,4.33375,10.65708333,8.73375,29.5,36,79.8,7.45,45.3,207
4/8/2021,356.4570833,6.121666667,22.72375,4.65375,8.11,6.331666667,30,36.7,77.9,5.14,35.3,213
5/8/2021,355.76125,5.523333333,25.39875,4.603333333,11.54458333,8.905833333,29.4,35.6,80,6.56,33.1,220
6/8/2021,345.6075,5.55875,25.43791667,4.7175,12.96541667,8.905833333,29.4,35.5,79.8,3.66,46.3,311
7/8/2021,380.23875,5.751666667,34.78041667,4.87,11.99958333,8.3025,29.7,36.5,79.5,1.11,29.9,391
8/8/2021,418.7625,9.172916667,15.89958333,8.101666667,11.23208333,7.510416667,29.7,35.9,78.1,2.2,28.8,246
9/8/2021,568.8266667,14.35583333,8.41375,13.86958333,15.87458333,10.655,29,34.1,76.6,5.01,25.8,303
10/8/2021,651.4404167,16.41625,5.739166667,16.68375,16.69125,11.88791667,28,32.3,82.3,21.47,18.3,309
11/8/2021,3465.8125,31.29583333,11.675,44.32625,150.005,128.3116667,27.8,31.1,81.3,6.71,20.4,400
12/8/2021,2478.9175,55.15041667,20.55625,53.9825,152.9758333,118.1579167,29.1,34.2,78.1,0.4,12.9,487
13/08/2021,2449.43375,50.40208333,97.5625,48.94666667,199.0391667,172.7541667,29.8,34.6,71.6,1.83,13.6,515
14/08/2021,1247.525417,41.64166667,19.91666667,39.10041667,74.83833333,60.89416667,29,33.4,75.3,22.69,20.5,552
15/08/2021,2716.461667,39.99875,38.3825,36.09083333,166.8808333,145.2491667,27.3,30.2,83,5.25,11.2,425
16/08/2021,2233.585,38.48916667,80.87541667,42.29875,156.3541667,128.0825,29.5,34.1,74.6,1.2,20.4,483
17/08/2021,1532.634583,28.73166667,59.82,52.63208333,93.60208333,65.6225,29.6,35,75.1,3.33,14.8,347
18/08/2021,2112.865833,65.11833333,48.36375,56.90208333,149.91375,131.0108333,29,33.4,79.2,8.44,25.7,355
19/08/2021,2449.98875,62.71208333,91.22625,59.01833333,251.6225,230.3158333,28.8,33.7,79.2,8.48,20.4,507
20/08/2021,3511.42875,61.73375,25.90875,45.50916667,252.0358333,227.6845833,28.6,32.4,80.1,4.75,13.7,564
21/08/2021,3059.705417,73.28583333,11.14375,48.24083333,188.1491667,173.5108333,28.2,32.2,80.1,15.3,14.9,487
22/08/2021,1592.715417,41.6525,70.21541667,36.885,105.905,95.1,28.3,31.7,80.9,15.53,23.4,520
23/08/2021,1314.839167,47.35375,13.64125,37.92875,67.00333333,57.57166667,28.5,32.8,82.3,7.61,18.3,613
24/08/2021,3144.264583,72.77916667,4.332083333,77.51583333,166.0529167,138.8258333,27.1,29.5,84,6.55,16.4,309
25/08/2021,3320.05875,60.085,6.505416667,80.50583333,169.6716667,143.28375,27.7,30.7,81.6,21.16,13,478
26/08/2021,932.3766667,24.79666667,4.942083333,31.25166667,32.85833333,21.08916667,27.7,31.1,81,9.04,13.1,425
27/08/2021,1214.425833,32.21625,11.97625,36.74666667,46.37833333,30.17625,28.3,32,78.5,10.74,14.8,548
28/08/2021,2118.429167,27.8975,9.901666667,36.35916667,92.03958333,70.87666667,28.9,34,78.9,9.52,16.6,582
29/08/2021,1177.987083,30.45375,7.023333333,42.11,52.3375,42.12333333,28.7,32.9,79.6,19.89,14.8,611
30/08/2021,2039.431667,49.11083333,2.126666667,60.41958333,112.97375,86.61916667,28.1,32.1,83.1,5.57,14.8,578
31/08/2021,2150.695417,57.7075,13.13125,56.82416667,126.3620833,103.7704167,29.1,33.5,76.9,4.13,13.2,422
1/9/2021,4381.49875,54.70083333,30.175,74.765,224.9916667,193.165,28.5,32.7,78.1,21.02,13.3,412
2/9/2021,3159.840833,67.67458333,99.29916667,62.94291667,307.8254167,287.49,28,31.4,79.9,11.63,24,572
3/9/2021,2154.867083,48.20291667,60.07541667,32.46541667,152.4083333,136.5108333,28.6,32.3,76.1,20.01,22,613
4/9/2021,1743.475,26.20125,44.29541667,22.79375,100.4716667,84.39125,28.5,32.4,80.5,6.79,25.7,583
5/9/2021,2040.824167,37.7775,22.42916667,35.0375,113.6966667,93.88,28.9,33.6,78.6,9.84,16.4,477
6/9/2021,2722.024583,66.77416667,5.157916667,56.86333333,134.4966667,108.7833333,27.9,31.7,84.4,23.31,20.4,587
7/9/2021,943.2233333,30.125,3.983333333,27.4775,30.21666667,20.92083333,27.4,30.4,85.3,5.84,9.6,524
8/9/2021,635.3075,19.13666667,13.91083333,15.26875,14.21208333,10.93125,25.4,25.5,92.7,92.35,21.5,351
9/9/2021,1540.422917,28.50375,16.76791667,30.79625,59.14458333,50.57625,28.4,32.7,81.9,1.71,51.2,566
10/9/2021,543.1,10.265,44.25583333,7.053333333,10.69791667,8.650833333,27.5,30.9,84.7,11.17,24,547
11/9/2021,439.2083333,9.52875,26.46666667,6.976666667,9.286666667,7.347916667,26.9,29,88.1,97.38,26.8,972
12/9/2021,2265.850833,31.63958333,7.195416667,28.4325,109.8429167,90.5475,27,29.4,86.6,11.5,34.5,519
13/09/2021,2202.4325,62.84041667,21.19,57.02208333,151.0254167,123.0729167,28.6,32.8,80.2,3.53,14.7,508
14/09/2021,3241.618333,71.55208333,95.61291667,66.56833333,237.9358333,205.9608333,29.4,34.5,77.9,3,26.4,458
15/09/2021,3485.283333,47.73916667,7.2625,65.10916667,181.8916667,144.8879167,28.8,33.4,77.3,9.33,21.8,404
16/09/2021,2459.445833,49.66708333,88.88708333,67.92958333,182.6220833,154.0895833,28.1,32.6,82.6,40.12,19.2,549
17/09/2021,1332.08375,29.13166667,9.602083333,37.18333333,55.24833333,38.89375,27.9,31.2,81.4,36.97,42.7,478
18/09/2021,1438.200417,21.99916667,25.12875,29.7075,57.3925,41.79416667,29.4,35.4,78.4,5.33,20.1,558
19/09/2021,2723.694167,53.85166667,15.555,45.21,139.6475,121.61625,27.4,30.8,84.1,6.74,13.2,478
20/09/2021,2514.521667,29.23291667,0.155416667,51.55875,111.4095833,87.07458333,27.7,31.2,83.4,39.3,16.2,430
21/09/2021,732.93875,22.16333333,13.10708333,30.07,26.55333333,16.53375,29.3,34,76.5,3.81,18.3,377
22/09/2021,891.2091667,23.70666667,13.24083333,29.36625,47.38791667,36.60291667,29.8,35.1,72.9,12.2,20.6,332
23/09/2021,1623.035,25.24125,20.02166667,31.42125,68.60208333,49.74458333,29.9,35.3,72.8,6.5,17.2,433
24/09/2021,1500.924583,23.99833333,33.07875,26.59458333,60.23541667,40.65083333,29.4,33.2,69.8,8.91,24.4,431
25/09/2021,1160.185833,29.78958333,61.67041667,33.5775,51.98041667,37.68875,29.2,33.6,72.3,35.23,20.7,133
26/09/2021,1926.501667,38.61333333,95.74791667,35.59333333,126.1179167,104.2458333,29.6,35.3,75.6,2.6,33.1,514
27/09/2021,2205.213333,58.27083333,19.08416667,52.65208333,148.3645833,125.5370833,29,34.1,79.2,3.34,16.6,268
28/09/2021,2731.760833,61.0375,88.74125,51.87666667,220.7754167,196.1720833,29.5,35.7,78.5,13.41,23.3,201
29/09/2021,758.25125,23.14208333,48.81666667,18.74125,45.65083333,38.35,29.4,36,81.2,4.29,20.5,291
30/09/2021,603.5970833,21.06541667,19.42291667,15.78,23.36333333,16.8825,28.8,34.6,83.2,39.36,15.2,335
1/10/2021,1376.59,34.61625,18.86958333,32.70291667,63.12041667,48.61125,29.2,35.1,80.5,35.87,24,388
2/10/2021,2307.57375,50.55208333,12.73208333,44.40666667,128.1725,103.4083333,29.2,35.1,79,4.13,17.6,268
3/10/2021,1787.980833,28.78291667,19.93125,30.4675,72.28708333,55.64541667,28.4,33.1,81.2,5.17,17.3,244
4/10/2021,1379.649583,23.67041667,6.305416667,26.78291667,47.7025,33.3475,27.5,30.9,84.2,26.76,21,144
5/10/2021,829.7370833,23.95625,7.695833333,27.41875,30.46416667,19.41583333,27,29.6,89.5,56.73,26.1,164
6/10/2021,1104.554167,33.97333333,56.57791667,48.49833333,56.76708333,44.97583333,28,32.1,83.5,6.02,14.9,180
7/10/2021,2683.361667,73.03041667,21.13,50.2475,156.55375,133.81375,28.6,33,76.3,6.5,37.1,161
8/10/2021,2654.71125,35.42333333,29.53791667,44.28666667,146.06,125.90625,29,34.3,79.3,5.05,18.2,161
9/10/2021,939.60875,21.42125,29.92625,16.15291667,39.49625,30.72166667,29,34.4,78.9,4.2,32,132
10/10/2021,1182.019167,22.38458333,29.92333333,18.745,48.8075,37.04708333,29,34.6,80.6,32.2,26.5,274
11/10/2021,301.3816667,6.864166667,58.13041667,4.92,15.91791667,11.22166667,28.8,34.2,80.9,7.16,38.6,144
12/10/2021,750.1854167,24.53666667,25.68333333,18.245,25.83,21.85166667,27.9,32.1,84.5,18.91,28.5,183
13/10/2021,1505.653333,36.8075,11.6125,28.35666667,60.06083333,50.195,27.6,30.8,84.2,17.62,13.9,121
14/10/2021,1241.1275,40.43541667,15.28125,31.56416667,50.62708333,40.87625,27.4,31,87.2,8.12,16.9,171
15/10/2021,1809.676667,39.51416667,15.05583333,45.91583333,76.69416667,60.49416667,27.8,31.6,85.3,47.48,16.7,150
16/10/2021,3187.23875,51.15875,16.445,64.33958333,143.0141667,117.2658333,28.8,33.4,80.3,4.64,15.9,112
17/10/2021,2142.628333,53.64416667,29.025,41.35541667,88.83,67.50041667,29.3,34.1,74.6,3.85,11.3,130
18/10/2021,2199.650417,34.38833333,23.88083333,43.30291667,97.96708333,71.54541667,27.5,30.4,80.9,1.99,13.2,145
19/10/2021,2032.757917,34.00041667,27.6775,48.04166667,89.87958333,63.56458333,28.9,32.3,73.7,0.4,15.1,130
20/10/2021,2821.326667,46.41125,10.0975,48.39958333,129.73625,96.50458333,28.6,32.4,75.3,1.57,16.6,71
21/10/2021,2714.237083,45.68375,4.332916667,48.20083333,119.8070833,99.25333333,28.1,32,82.8,7.26,24.1,64
22/10/2021,2268.076667,53.77375,12.515,43.87416667,85.81625,64.14916667,28.4,31.6,75.6,1.1,13.6,77
23/10/2021,1025.557917,24.26375,19.46875,19.8725,35.69458333,24.86125,28,31.5,78.4,7,16.3,132
24/10/2021,1826.922083,30.63875,10.33041667,31.75875,68.79541667,49.9475,26.9,28.7,82,17.82,15.3,95
25/10/2021,2265.295833,33.71583333,9.15375,49.63125,89.43291667,65.68,26.4,27.6,85.3,17.01,11.3,110
26/10/2021,2295.33625,36.73,19.98208333,37.20375,97.58208333,70.35791667,27.5,29.9,78.4,6.64,14.8,144
27/10/2021,1647.5125,41.15666667,17.09875,30.91375,64.15083333,42.99041667,28.5,31.3,73.5,3.2,13,70
28/10/2021,886.7595833,22.5025,53.81458333,18.135,41.04333333,26.84208333,28.1,31.4,74.2,3.48,17.2,119
29/10/2021,1041.829583,26.92291667,45.74625,21.11125,47.00708333,30.6175,29.1,31.3,63.5,0,20.4,63
30/10/2021,1125.554167,23.79833333,43.55166667,19.33166667,52.18666667,35.99541667,28.7,31.5,68.8,0,23.2,70
31/10/2021,1776.715833,27.405,37.43208333,26.15833333,86.70083333,62.94375,28.9,31.2,66.1,0,16.7,68
1/11/2021,1428.604167,30.9325,33.10041667,26.30583333,58.38,39.57541667,28.2,31,73.8,1.12,23.1,51
2/11/2021,1527.34875,33.55833333,36.97541667,28.41666667,72.33125,48.17958333,28.8,31.4,69.1,1.2,27.6,34
3/11/2021,1531.52125,31.78791667,34.33416667,27.60583333,64.97375,44.83583333,29.6,32.3,62.2,0,20.5,24
4/11/2021,1489.798333,30.03125,32.41791667,26.83708333,58.23708333,39.52416667,29.5,32.8,65.7,0,16.6,41
5/11/2021,997.32625,18.74583333,15.94958333,21.82083333,35.29625,22.98041667,29.2,33.4,70.9,1.5,39.4,56
6/11/2021,1406.90875,22.45166667,30.80416667,31.16375,60.57666667,43.00333333,29.7,34.6,73.3,1.1,44.6,52
7/11/2021,1255.314167,20.1525,18.69666667,24.3725,47.40333333,31.805,29.3,34,74.5,4.1,18.5,51
8/11/2021,1140.9925,23.33375,14.08,25.16291667,47.16875,29.50833333,28.7,33.5,81.2,30.34,14,44
9/11/2021,1554.607917,23.04458333,16.26833333,30.05166667,72.03458333,47.82125,29.8,33.5,68.2,0.9,18.5,38
10/11/2021,1203.02,26.33291667,13.82166667,27.42875,49.17708333,32.06,29.1,33,70.2,0,17.8,66
11/11/2021,1409.411667,27.74666667,17.83916667,29.45916667,57.49375,38.05791667,29.4,32.6,67.2,0,15.2,41
12/11/2021,1178.265,24.03375,20.06875,24.41791667,44.50166667,29.02125,28.8,32.9,74.1,2.11,13.8,43
13/11/2021,1462.6775,27.7825,9.667916667,27.47666667,54.17666667,36.91416667,29.2,34,74.5,2.7,16.5,33
14/11/2021,1396.060417,35.74375,18.31041667,28.72958333,54.51666667,37.70208333,29.1,33.5,75.1,1.63,14.1,32
15/11/2021,2062.240833,38.17208333,4.197083333,38.32541667,77.40291667,56.17791667,28.5,32.7,76.9,17.81,16.1,34
16/11/2021,1404.405417,24.33375,9.694583333,27.3975,52.06083333,36.47375,28.9,32.6,75.5,0.76,15.8,13
17/11/2021,1198.709583,25.47083333,13.505,23.82208333,46.76375,30.8475,29.3,33.4,73.5,0.53,17,66
18/11/2021,2861.936667,45.47541667,11.19583333,51.79666667,111.67375,82.18708333,28.9,33,73.9,0,36.2,34
19/11/2021,2546.231667,48.9675,51.08958333,52.75,130.6425,99.49666667,29,33.5,75.4,0,16.2,37
20/11/2021,1068.949583,27.14708333,19.17416667,26.83166667,41.69666667,28.70125,27.9,31.5,81.5,0.42,18.7,35
21/11/2021,1661.975833,35.23791667,10.14125,43.63083333,76.09458333,56.03916667,27.9,31.1,84.2,6.12,21.9,60
22/11/2021,2244.155417,40.4775,75.3825,52.47166667,144.48375,117.5995833,28.9,33.2,79.5,2.44,15,14
23/11/2021,1694.2425,31.30958333,18.75708333,31.38583333,65.31583333,46.05083333,28.8,32.8,74.2,3.21,16.7,41
24/11/2021,1154.760417,25.3875,19.26166667,22.28208333,43.99833333,29.90625,29,32,68.5,0.6,20.5,21
25/11/2021,2202.709167,40.5275,4.534583333,41.26666667,82.29833333,58.92333333,28.6,32,73.1,4.26,18.6,17
26/11/2021,3341.197083,76.02208333,47.58833333,57.5075,177.54625,146.6829167,27.6,30.6,79.1,7.71,18,14
27/11/2021,1168.114167,21.55208333,8.487916667,23.53875,42.32208333,28.32583333,28.3,31.2,76.6,4.2,18.3,18
28/11/2021,1995.205417,30.5525,11.38625,37.67125,76.71666667,56.72916667,26.3,27.1,86.4,6.92,13,23
29/11/2021,2416.054583,49.175,27.0025,54.77583333,121.1608333,95.72458333,28.5,32.2,76.5,0.21,18.2,16
30/11/2021,2470.5725,67.02416667,36.33958333,57.70708333,156.8020833,124.0870833,28.9,33.6,77.4,2.4,20.4,10
1/12/2021,2270.024167,47.49666667,6.402916667,48.81666667,87.80916667,67.80375,28.8,33.1,75.6,3.4,16.8,11
2/12/2021,1120.68625,27.26041667,39.07,21.29791667,49.04583333,35.58041667,27.8,29.1,64.3,0.6,22.4,16
3/12/2021,757.4166667,19.3,55.66458333,17.73208333,28.29958333,18.45916667,27.1,27.8,62.5,1.6,20.5,10
4/12/2021,907.6195833,25.20208333,49.04708333,18.03333333,36.33666667,26.77625,26.2,26.9,69.4,0,20.7,10
5/12/2021,1256.98375,30.00708333,40.86625,21.06833333,55.96458333,42.03041667,26.3,26.8,64.7,0,18.4,11
6/12/2021,2245.822917,37.37041667,41.44875,35.0175,104.6945833,80.55375,26.3,27.1,66.3,0,19.5,16
7/12/2021,1571.714167,31.05625,27.81125,32.10791667,63.29166667,46.52916667,26.2,27.3,72.3,0.52,16.8,13
8/12/2021,1461.982083,32.43458333,40.13666667,32.05875,55.79125,40.82333333,27.4,28.1,61.5,0,28.8,10
9/12/2021,1027.782917,30.87041667,48.21333333,23.09833333,43.41208333,30.4925,27.3,28.1,64.4,0,20.6,14
10/12/2021,1614.13375,28.91083333,36.92833333,26.0275,63.43708333,47.65083333,27.4,28.5,64.9,0,24,12
11/12/2021,690.6579167,18.93208333,48.32458333,14.36833333,24.33,15.55333333,26.8,28.4,73.3,0.9,17,15
12/12/2021,1260.180833,27.46833333,29.94458333,22.5425,45.98166667,33.86541667,27.5,29.4,73.9,0.1,17.7,24
13/12/2021,1450.995417,33.62625,27.08041667,34.41208333,58.28708333,40.29666667,27.5,28.9,72.5,0.2,36.1,4
14/12/2021,1365.463333,28.44166667,34.35041667,23.28625,59.51791667,38.11666667,27.6,28.3,64,0,23.8,16
15/12/2021,827.7895833,22.5275,49.71,17.18541667,35.71208333,20.76541667,26.5,27.6,70.5,0,27.3,2
16/12/2021,565.90625,14.96875,57.95,13.88833333,16.9325,10.06208333,28,29.9,66.9,0.1,32.5,12
17/12/2021,419.3179167,11.85625,34.34791667,10.17458333,9.415416667,5.575,27.9,31.1,78.2,8.44,21.6,25
18/12/2021,968.6741667,21.0875,17.625,19.67708333,32.88041667,22.59666667,28.5,32.1,79.4,9.64,21.6,9
19/12/2021,1911.480833,36.08666667,10.25875,39.99458333,70.99875,54.54625,25.3,25.3,92,3.2,24.1,13
20/12/2021,1374.920833,32.68,14.44791667,30.69625,53.00541667,36.23541667,27.9,30.7,79.7,2.3,22.3,19
21/12/2021,1668.095,31.40875,36.03041667,34.20291667,73.23833333,51.91166667,28.8,32.5,75.8,4.68,14.8,5
22/12/2021,3945.350833,52.27916667,0.57875,60.11125,184.2795833,148.365,27.5,30.5,81.1,7.15,22.1,14
23/12/2021,2041.658333,36.42916667,51.36833333,46.57041667,101.67375,75.16583333,27.3,29.6,78.4,2.1,40.2,11
24/12/2021,2657.492917,67.33916667,53.63708333,52.45791667,133.6175,103.6425,27.6,29.8,74,13.21,14.1,30
25/12/2021,866.0358333,19.86833333,35.27625,16.3075,30.57083333,20.5925,27.7,29.7,72.6,2.24,27.1,56
26/12/2021,637.53125,15.62541667,55.52208333,13.50041667,21.97041667,15.20375,27,28.5,72.7,6.09,31.7,59
27/12/2021,1066.44625,27.28916667,28.71458333,21.02041667,35.94041667,26.98833333,26.4,27.2,76.2,4.11,37.4,35
28/12/2021,1245.8575,29.72791667,23.15166667,22.40333333,52.895,36.395,26.8,27.6,70.3,0.71,22.6,66
29/12/2021,1421.372083,27.89291667,29.60916667,25.06916667,58.92791667,41.31833333,26.9,27.7,68.3,0,26.5,187
30/12/2021,1265.188333,27.64375,32.28583333,24.54875,52.58166667,36.075,26.9,27.6,65.9,0,30,348
31/12/2021,1051.843333,25.71916667,43.67541667,18.53,49.66416667,35.81125,26.6,27,63.7,0,27.7,570
1/1/2022,1152.67375,25.8625,38.19375,21.90291667,52.43333333,35.90666667,26.7,27.2,65.3,0,22.5,843
2/1/2022,1198.709167,26.0475,33.46708333,21.69416667,53.175,38.17625,26.2,26.6,63.8,0,20.9,976
3/1/2022,955.0458333,22.76916667,45.26833333,20.71291667,47.1075,27.315,26.6,27,63.5,0,28.1,711
4/1/2022,1338.480833,23.7625,36.96458333,23.54416667,63.27958333,42.50125,26.7,27.2,66.4,0,28.9,812
5/1/2022,959.0791667,25.9325,48.43625,23.23625,44.46708333,24.89333333,26.5,27.3,68.5,0,19.8,1419
6/1/2022,960.7475,26.7475,48.18,23.405,43.58541667,25.42416667,26.3,27.1,72,0,20,1941
7/1/2022,1605.510417,34.94458333,28.50875,32.93166667,68.57958333,47.15,26.7,27.6,67.8,0,23,2266
8/1/2022,2141.235833,31.18041667,31.79416667,36.28958333,93.91833333,70.10875,27,28.7,72,0.66,18.6,2412
9/1/2022,1875.87875,28.65708333,81.85291667,42.34958333,108.195,81.28333333,27.3,28.9,75.1,0,22.7,2329
10/1/2022,1705.647083,46.54,110.6154167,48.57666667,140.2829167,115.1695833,27.3,29.1,75.9,0,16.6,2621
11/1/2022,1369.079167,34.11833333,45.94625,24.46791667,65.90541667,48.83916667,27.5,28.5,68.7,0,21.9,2207
12/1/2022,1360.734167,31.40833333,39.86666667,24.94,66.77083333,49.64583333,25.9,26.5,70.7,0.61,50,2158
13/01/2022,1061.44,27.71083333,47.38625,22.73333333,44.42125,30.43416667,26,26.6,71.6,0.9,16.8,1985
14/01/2022,896.4929167,20.70333333,55.27791667,17.18041667,38.66,25.79875,25.3,25.6,70.4,0,23.4,2053
15/01/2022,745.8725,16.21375,48.53375,11.87125,35.46416667,20.5825,25.2,25.5,64.8,0,20.5,1744
16/01/2022,784.53625,17.93333333,56.595,14.34666667,40.85833333,24.025,25.7,26.3,67.2,0,35.8,1477
17/01/2022,1216.787917,30.26,33.06291667,24.52833333,59.44208333,37.63583333,25.1,25.3,66.9,0,30.8,1235
18/01/2022,1411.637083,34.88,28.30625,27.29833333,59.32041667,40.5,24.5,24.7,66.3,0,19.5,967
19/01/2022,1415.531667,36.55708333,31.10875,31.50625,62.43333333,42.99666667,25.4,25.8,72.4,0.5,16.7,668
20/01/2022,1044.4725,26.53583333,35.5175,21.90041667,41.62125,28.47666667,26.2,26.8,73.5,0,23.3,765
21/01/2022,1057.267083,24.58458333,40.27916667,22.43708333,43.0975,28.81166667,26.4,27.3,76.6,6.04,19.8,639
22/01/2022,1073.120833,20.94208333,43.31333333,20.49416667,44.04125,31.48625,27.6,29.3,70.4,1.2,20.1,585
23/01/2022,2803.8,23.65,1.23,31.95,111.06,84.67,26.9,28.3,77.3,0.2,22.5,498
24/01/2022,1448.631304,32.10478261,54.65,31.32608696,73.80478261,49.52217391,26.4,27.7,76.8,3.1,24.8,361
25/01/2022,1099.54625,23.97666667,24.46958333,21.82583333,45.37458333,27.9625,26.5,27.6,70.3,0.2,20.5,338
26/01/2022,1063.10875,25.18208333,19.58958333,25.32083333,38.59666667,26.135,25.5,26.2,80.6,8.57,19.5,260
27/01/2022,791.2120833,23.5525,25.20791667,23.96,26.02625,15.73458333,27.2,29.7,80,24.7,18.4,282
28/01/2022,1419.563333,27.56708333,16.51708333,35.86291667,69.74083333,45.84791667,27.7,29.9,75.7,1.6,25.5,262
29/01/2022,687.7379167,15.56625,73.72208333,16.86791667,41.26541667,31.36,26.9,28.7,78.9,0.7,31.2,478
30/01/2022,1307.05,23.89166667,24.88833333,25.36666667,55.48916667,42.30083333,26.2,27.8,85.1,3.2,35.6,268
31/01/2022,924.03125,21.58458333,55.83166667,22.40666667,44.92458333,32.7625,27.4,28.9,72.6,0.4,23.6,851
1/2/2022,1257.26,30.05666667,35.88,30.12083333,57.81083333,39.68791667,27.3,28.4,69.2,0,22.3,208
2/2/2022,1067.28125,25.66208333,35.96416667,20.22583333,47.65291667,29.94541667,27.2,28.3,66.6,0,29.7,306
3/2/2022,1568.2375,33.11583333,33.11458333,33.19041667,74.82541667,47.50541667,27.2,29,72.8,1.1,17,133
4/2/2022,1344.044583,26.215,32.64416667,25.06875,65.1825,40.47125,27.6,28.8,66.6,0,20.6,214
5/2/2022,968.81375,25.17958333,38.96416667,21.62416667,46.40916667,33.38916667,27.3,28.1,65.1,0,25.2,123
6/2/2022,642.39875,14.81208333,67.62791667,13.70375,28.85875,20.85708333,27.2,28.2,66,0,57,178
7/2/2022,1003.583333,26.9475,38.84958333,21.81,45.57541667,32.54916667,27.2,28.6,74.7,1.31,19.6,119
8/2/2022,1023.88875,26.0475,29.45166667,22.67416667,45.04333333,28.76083333,27.9,30.2,73.4,0.2,16.9,96
9/2/2022,1055.459167,23.80208333,38.30583333,21.45166667,52.14666667,33.00708333,28.2,29.8,66,0,21.2,72
10/2/2022,1009.147083,22.09375,41.16291667,21.24916667,46.015,29.04791667,27.8,29.1,66.2,0,23.8,84
11/2/2022,874.52,21.45583333,36.97583333,18.59166667,35.3325,21.88583333,27.5,28.6,69.1,0,25,99
12/2/2022,656.585,16.62916667,42.79916667,15.06333333,24.64458333,15.0675,27.6,29.2,69.3,0.2,16.7,80
13/02/2022,1023.610417,24.92958333,22.39583333,21.71041667,39.41083333,26.87041667,27.9,30.2,72.3,1.2,19.3,90
14/02/2022,1534.3025,32.50125,51.9725,40.67041667,75.51041667,52.07583333,27.7,30.2,75.5,2.7,23.6,75
15/02/2022,1241.9625,29.63875,41.29416667,27.45208333,53.17541667,36.07416667,27.8,29.9,74.7,0.9,23.4,57
16/02/2022,1404.960833,34.96583333,32.83375,30.5575,54.88208333,37.77208333,27.8,29.7,70.7,1.4,17.1,46
17/02/2022,1303.15625,27.87416667,33.46041667,24.89875,51.79625,36.17,27.2,29.1,75.7,3.5,27.2,77
18/02/2022,1268.943333,27.6675,33.06,28.68958333,53.55625,36.40916667,27.8,30,72.5,0,18.6,65
19/02/2022,1162.687917,25.56083333,29.00416667,23.79166667,51.01583333,34.06583333,28.4,31.1,70.1,0,18.2,76
20/02/2022,2296.45,25.36,0.7,35.29,99.57,69.32,28.5,30.9,66.6,0,24.6,105
21/02/2022,670.4756522,20.06565217,54.26521739,20.30652174,24.42043478,13.83434783,28,30.1,70,0.6,21.6,55
22/02/2022,900.3870833,24.91958333,42.0275,22.48041667,32.4825,21.04791667,26.5,27.8,82.4,22.69,18,32
23/02/2022,1340.428333,32.335,27.94666667,32.43958333,59.83916667,39.96,27.4,28.9,72.5,1.3,23.7,57
24/02/2022,1163.105,24.98708333,33.87708333,24.28916667,50.39083333,32.52291667,28,29.7,68.2,0,29.2,53
25/02/2022,705.54125,16.87208333,57.19625,15.44083333,26.59416667,17.62208333,28.2,29.8,65.4,0,25.2,64
26/02/2022,720.8391667,19.19291667,49.1675,14.57375,28.7325,18.13666667,27.6,28.9,69,0.52,22.4,52
27/02/2022,703.87125,17.91125,46.91208333,14.7375,27.28333333,17.76458333,27.5,28.9,66.3,0,25.6,47
28/02/2022,1095.234167,20.86125,36.89458333,22.23708333,49.58875,31.30583333,28.3,29.8,63.9,0,26,78
1/3/2022,1085.63875,23.34625,35.40875,20.18916667,54.68458333,30.41916667,28.2,29.4,61.7,0,23.7,45
2/3/2022,858.9425,18.8,28.54666667,18.88458333,35.59458333,19.895,28.2,30.2,66.3,0,23.7,26
3/3/2022,801.6420833,16.85041667,24.80333333,18.23916667,33.87541667,20.3075,28.4,30.7,68.8,0,26.6,46
4/3/2022,875.075,17.72958333,28.64958333,19.64,36.96916667,22.23416667,28.2,30.6,69.9,0,27.2,40
5/3/2022,1006.642917,17.99,39.88708333,25.01416667,43.7975,26.56541667,28.6,30.8,66.4,0,16.8,48
6/3/2022,862.2795833,16.4675,33.46666667,20.57458333,38.56041667,23.07541667,28.4,30.4,66.6,0,29,54
7/3/2022,1258.652083,29.42416667,79.64041667,38.12708333,76.12916667,50.28833333,28.3,30.1,65.6,0,19,29
8/3/2022,829.45875,18.28583333,71.18916667,21.22958333,37.23375,24.21833333,28.5,30.9,68.5,0.1,21.7,51
9/3/2022,597.615,13.19541667,74.21541667,12.41,23.30416667,12.30458333,28.1,30.3,66.5,0.1,24.1,24
10/3/2022,670.35375,18.8125,72.39375,16.48625,23.77166667,13.21666667,28.4,30.2,63.7,0,29.5,33
11/3/2022,2202.709583,44.99375,38.84625,41.8825,93.25458333,72.74833333,28.8,32,71.9,3.51,21.4,23
12/3/2022,1512.050833,39.6275,36.79166667,34.35166667,62.11708333,43.955,29,33,75.1,4.33,40.2,43
13/3/2022,787.1779167,22.14458333,35.36416667,20.35583333,28.34125,17.53666667,27.6,30.5,80.2,1.34,24.8,46
14/3/2022,1856.407083,35.72916667,49.01541667,39.92458333,82.46666667,63.07291667,28.1,30.9,79.3,6.09,23.4,36
15/3/2022,1095.095417,24.58958333,59.15458333,36.3675,57.37208333,39.37458333,28.9,33.5,78.4,10.6,16.2,14
16/3/2022,1157.124583,24.39833333,30.77291667,38.55375,52.0125,34.71916667,29.4,33.8,73,5.2,21.1,15
17/3/2022,932.9320833,21.79916667,6.72375,27.75625,37.03958333,22.71875,30,34.9,70.3,1.2,17.2,33
18/3/2022,2158.761667,48.20041667,87.74791667,40.9575,168.4916667,143.9325,29.6,34.7,74.7,2.32,23.7,33
19/3/2022,816.38375,23.96291667,32.45458333,29.65208333,57.59875,43.37291667,30,35.4,73.2,2.35,13.4,33
20/3/2022,654.0808333,14.12583333,16.10958333,16.85833333,23.68166667,14.06125,30.4,34.5,65.3,0.7,20.4,26
21/3/2022,787.595,14.26625,9.265833333,18.82083333,31.91333333,18.97208333,29.7,34,69.3,0.3,19.8,20
22/3/2022,790.3766667,16.33333333,32.17791667,22.15291667,36.06791667,20.99375,29.8,33.6,67.2,0.3,40.2,22
23/3/2022,1029.73,31.90125,26.54541667,37.30208333,45.80583333,28.24291667,29.7,33.8,68.5,14.03,27.3,15
24/3/2022,487.4670833,14.02291667,15.73458333,16.37666667,15.86375,7.38625,30,34.6,69.9,8.43,20.3,26
25/3/2022,517.5058333,15.38,21.89375,16.75875,20.06166667,9.830833333,30,34.1,66.7,0,23.7,22
26/3/2022,642.2595833,14.96083333,40.0525,19.34208333,30.42333333,18.13041667,30.4,34.7,65.1,0.1,20.4,30
27/3/2022,642.5370833,14.39291667,28.17125,17.54166667,28.57125,16.67833333,29.8,33.7,67.3,0.2,23.8,20
28/3/2022,516.2554167,13.75958333,33.08333333,15.69541667,20.07833333,10.84833333,30,33.2,63.8,0,22.3,26
29/3/2022,457.7029167,13.98041667,18.36875,13.24916667,14.72875,7.9875,30,34,66.7,0.01,22.4,5
30/3/2022,621.2583333,15.815,19.46125,15.8025,23.18541667,13.49541667,29.8,33.5,67,0.2,26.1,20
31/3/2022,624.7354167,16.72708333,19.00083333,15.93416667,22.67625,12.72791667,30.2,33.9,64.8,0,24.8,33
1/4/2022,652.4125,16.875,21.74458333,15.81458333,21.51875,12.70833333,29.4,33.3,69.8,4.58,20.6,19
2/4/2022,931.8195833,18.96791667,26.32208333,15.93208333,43.1725,24.33,29.1,31.4,63.8,0,18.4,27
3/4/2022,712.4941667,16.96875,26.87375,15.61125,32.15625,16.31916667,28.5,29.9,59.9,0,19.3,47
4/4/2022,663.9558333,17.98916667,33.11125,15.8325,23.06708333,13.52833333,28.7,30.5,62.8,0,29.5,17
5/4/2022,801.9204167,22.87666667,38.54166667,19.04333333,27.18333333,16.70166667,25.6,26.2,89,35.31,12.9,15
6/4/2022,793.4370833,23.36291667,36.54416667,18.34791667,27.64083333,17.12916667,27.1,29.7,81.8,5.38,18,14
7/4/2022,1274.366667,24.97625,24.715,26.45916667,49.5875,34.79458333,28.5,31.4,74.2,0.15,19.1,26
8/4/2022,2460.56,51.13083333,4.075416667,51.56791667,87.75458333,67.48291667,27.6,30.4,77,7.59,17.6,14
9/4/2022,1245.85625,25.10458333,17.36583333,28.2325,49.295,33.04833333,28.6,31.6,71.9,0.65,22.9,18
10/4/2022,1603.28625,42.82,0.579166667,35.59333333,63.98666667,45.965,28.3,31,72.8,0.56,15,12
11/4/2022,1319.567083,24.45583333,20.75791667,29.94541667,57.0775,40.88958333,28.7,31.7,70,0.5,20.5,13
12/4/2022,2244.989167,49.26,9.36375,51.12208333,120.14125,94.52291667,27.8,31.5,80.3,0.71,24.8,14
13/4/2022,1120.964167,30.43916667,48.60291667,26.83791667,72.47333333,57.40375,28.3,32,81,1.22,30.6,7
14/4/2022,1040.717083,31.3025,43.51166667,25.73916667,56.42291667,40.11833333,29.2,33.3,73.5,0,23.7,23
15/4/2022,1047.253333,29.12458333,101.695,41.1475,77.63291667,61.33208333,29.1,33.6,74.6,0,18.2,15
16/4/2022,1669.485833,32.00833333,26.01166667,36.24958333,66.60875,49.99041667,29,32.9,72.2,0.02,17,11
17/4/2022,1174.370833,31.91583333,23.00916667,26.96125,46.5675,31.28541667,28.2,31.3,71.8,4.7,19,13
18/4/2022,1036.544583,21.67333333,44.51916667,20.0825,44.20708333,28.88916667,29.6,32.6,64,0,21,9
19/4/2022,929.0375,21.29541667,31.84958333,20.14208333,37.31708333,23.58666667,29.1,31.5,64.9,0,25.5,6
20/4/2022,1604.3975,24.43791667,19.16125,30.52791667,71.1575,48.5425,29.1,32.5,67.8,0,20.3,19
21/4/2022,1081.467083,19.18958333,53.42125,26.91166667,45.40875,30.12375,30.2,35.1,68.8,0.36,19.6,7
22/4/2022,887.3133333,16.15041667,33.5375,19.78333333,34.04791667,21.99166667,30.1,35,68.8,0.07,25,20
23/4/2022,771.88,14.58666667,36.65291667,16.61,35.15333333,20.64166667,30.1,33.4,62.9,0,27.8,11
24/4/2022,789.40375,15.51875,33.0375,19.46583333,31.32291667,20.29541667,30.1,34.2,64.7,0,25.7,16
25/4/2022,822.3654167,18.24208333,15.17958333,21.30833333,31.42125,19.75708333,29.6,33.9,70.7,0.01,20.4,19
26/4/2022,688.0158333,17.44291667,31.20583333,20.95,25.59666667,15.22083333,30.1,34.8,70.3,5.48,20.2,6
27/4/2022,572.5808333,17.67875,16.32375,18.68125,19.65041667,10.99291667,29.8,34.2,69.9,0,22.5,5
28/4/2022,625.8475,16.15791667,7.255,19.04875,21.94166667,13.34166667,30.1,34.1,70.3,3.62,20.3,13
29/4/2022,727.7929167,19.19291667,9.535833333,21.26416667,25.4725,16.02166667,30.5,35.7,68.4,0,27.1,10
30/4/2022,534.7516667,17.95791667,12.52916667,19.08875,19.89416667,10.96458333,30.1,35,70.3,0,22.6,27
1/5/2022,717.6391667,16.3075,11.86875,19.07791667,33.23583333,20.68625,30.4,34.4,65.6,0,20.5,10
2/5/2022,1460.035833,21.88375,23.20125,39.04083333,70.23625,47.27916667,30.6,33.7,60.6,48.99,19.1,11
3/5/2022,944.475,20.79875,45.44,27.30875,48.47,31.20375,30,33.3,63.7,0,20.4,14
4/5/2022,1452.109167,20.5725,37.32666667,36.46833333,67.51333333,45.90666667,30.1,33.3,63.2,0,25.7,10
5/5/2022,795.24625,20.29166667,51.94791667,28.80958333,38.53625,21.59333333,30.8,34.7,61.5,0,15.1,8
6/5/2022,632.6625,15.79083333,40.95958333,19.53041667,28.28625,16.77666667,30.7,34.7,63.5,0,20.2,13
7/5/2022,507.0758333,11.83708333,33.28875,12.76458333,19.85166667,11.68791667,30.8,35.3,64.5,0,27.2,19
